Ticker,Exchange
AACB,NASDAQ
AACG,NASDAQ
AACI,NASDAQ
AAL,NASDAQ
AAME,NASDAQ
AAOI,NASDAQ
AAON,NASDAQ
AAPG,NASDAQ
AAPL,NASDAQ
AARD,NASDAQ
ABAT,NASDAQ
ABCL,NASDAQ
ABEO,NASDAQ
ABL,NASDAQ
ABLV,NASDAQ
ABNB,NASDAQ
ABOS,NASDAQ
ABP,NASDAQ
ABSI,NASDAQ
ABTC,NASDAQ
ABTS,NASDAQ
ABUS,NASDAQ
ABVC,NASDAQ
ABVE,NASDAQ
ABVX,NASDAQ
ACAD,NASDAQ
ACB,NASDAQ
ACDC,NASDAQ
ACET,NASDAQ
ACFN,NASDAQ
ACGL,NASDAQ
ACHC,NASDAQ
ACHV,NASDAQ
ACIC,NASDAQ
ACIU,NASDAQ
ACIW,NASDAQ
ACLS,NASDAQ
ACLX,NASDAQ
ACMR,NASDAQ
ACNB,NASDAQ
ACNT,NASDAQ
ACOG,NASDAQ
ACON,NASDAQ
ACRS,NASDAQ
ACRV,NASDAQ
ACT,NASDAQ
ACTG,NASDAQ
ACTU,NASDAQ
ACXP,NASDAQ
ADAG,NASDAQ
ADAM,NASDAQ
ADAP,NASDAQ
ADBE,NASDAQ
ADEA,NASDAQ
ADGM,NASDAQ
ADI,NASDAQ
ADIL,NASDAQ
ADMA,NASDAQ
ADN,NASDAQ
ADP,NASDAQ
ADPT,NASDAQ
ADSE,NASDAQ
ADSK,NASDAQ
ADTN,NASDAQ
ADTX,NASDAQ
ADUR,NASDAQ
ADUS,NASDAQ
ADV,NASDAQ
ADVB,NASDAQ
ADVM,NASDAQ
ADXN,NASDAQ
AEBI,NASDAQ
AEC,NASDAQ
AEHL,NASDAQ
AEHR,NASDAQ
AEI,NASDAQ
AEIS,NASDAQ
AEMD,NASDAQ
AENT,NASDAQ
AEP,NASDAQ
AERT,NASDAQ
AEVA,NASDAQ
AEYE,NASDAQ
AFBI,NASDAQ
AFCG,NASDAQ
AFJK,NASDAQ
AFRI,NASDAQ
AFRM,NASDAQ
AFYA,NASDAQ
AGAE,NASDAQ
AGEN,NASDAQ
AGH,NASDAQ
AGIO,NASDAQ
AGMH,NASDAQ
AGNC,NASDAQ
AGRI,NASDAQ
AGYS,NASDAQ
AHCO,NASDAQ
AHG,NASDAQ
AIFF,NASDAQ
AIFU,NASDAQ
AIHS,NASDAQ
AIIO,NASDAQ
AIMD,NASDAQ
AIOT,NASDAQ
AIP,NASDAQ
AIPO,NASDAQ
AIRE,NASDAQ
AIRG,NASDAQ
AIRJ,NASDAQ
AIRO,NASDAQ
AIRS,NASDAQ
AIRT,NASDAQ
AISP,NASDAQ
AIXI,NASDAQ
AKAM,NASDAQ
AKAN,NASDAQ
AKBA,NASDAQ
AKRO,NASDAQ
AKTX,NASDAQ
ALAB,NASDAQ
ALAR,NASDAQ
ALBT,NASDAQ
ALCO,NASDAQ
ALCY,NASDAQ
ALDF,NASDAQ
ALDX,NASDAQ
ALEC,NASDAQ
ALF,NASDAQ
ALGM,NASDAQ
ALGN,NASDAQ
ALGS,NASDAQ
ALGT,NASDAQ
ALHC,NASDAQ
ALKS,NASDAQ
ALKT,NASDAQ
ALLO,NASDAQ
ALLR,NASDAQ
ALLT,NASDAQ
ALM,NASDAQ
ALMS,NASDAQ
ALMU,NASDAQ
ALNT,NASDAQ
ALNY,NASDAQ
ALOT,NASDAQ
ALRM,NASDAQ
ALRS,NASDAQ
ALT,NASDAQ
ALTI,NASDAQ
ALTO,NASDAQ
ALTS,NASDAQ
ALVO,NASDAQ
ALXO,NASDAQ
ALZN,NASDAQ
AMAL,NASDAQ
AMAT,NASDAQ
AMBA,NASDAQ
AMBR,NASDAQ
AMCX,NASDAQ
AMD,NASDAQ
AMGN,NASDAQ
AMIX,NASDAQ
AMKR,NASDAQ
AMLX,NASDAQ
AMOD,NASDAQ
AMPG,NASDAQ
AMPH,NASDAQ
AMPL,NASDAQ
AMRK,NASDAQ
AMRN,NASDAQ
AMRX,NASDAQ
AMSC,NASDAQ
AMSF,NASDAQ
AMST,NASDAQ
AMTX,NASDAQ
AMWD,NASDAQ
AMZN,NASDAQ
ANAB,NASDAQ
ANDE,NASDAQ
ANEB,NASDAQ
ANEL,NASDAQ
ANGH,NASDAQ
ANGI,NASDAQ
ANGO,NASDAQ
ANIK,NASDAQ
ANIP,NASDAQ
ANIX,NASDAQ
ANL,NASDAQ
ANNA,NASDAQ
ANNX,NASDAQ
ANPA,NASDAQ
ANSC,NASDAQ
ANTA,NASDAQ
ANTX,NASDAQ
ANY,NASDAQ
AOSL,NASDAQ
AOUT,NASDAQ
APA,NASDAQ
APAD,NASDAQ
APDN,NASDAQ
APEI,NASDAQ
APGE,NASDAQ
API,NASDAQ
APLD,NASDAQ
APLM,NASDAQ
APLS,NASDAQ
APLT,NASDAQ
APM,NASDAQ
APOG,NASDAQ
APP,NASDAQ
APPF,NASDAQ
APPN,NASDAQ
APPS,NASDAQ
APRE,NASDAQ
APVO,NASDAQ
APWC,NASDAQ
APYX,NASDAQ
AQB,NASDAQ
AQMS,NASDAQ
AQST,NASDAQ
ARAI,NASDAQ
ARAY,NASDAQ
ARBB,NASDAQ
ARBE,NASDAQ
ARBK,NASDAQ
ARCB,NASDAQ
ARCC,NASDAQ
ARCT,NASDAQ
ARDX,NASDAQ
AREB,NASDAQ
AREC,NASDAQ
ARGX,NASDAQ
ARHS,NASDAQ
ARKO,NASDAQ
ARKR,NASDAQ
ARLP,NASDAQ
ARM,NASDAQ
AROW,NASDAQ
ARQ,NASDAQ
ARQQ,NASDAQ
ARQT,NASDAQ
ARRY,NASDAQ
ARTL,NASDAQ
ARTV,NASDAQ
ARTW,NASDAQ
ARVN,NASDAQ
ARWR,NASDAQ
ASBP,NASDAQ
ASLE,NASDAQ
ASMB,NASDAQ
ASML,NASDAQ
ASND,NASDAQ
ASNS,NASDAQ
ASO,NASDAQ
ASPC,NASDAQ
ASPI,NASDAQ
ASPS,NASDAQ
ASRT,NASDAQ
ASRV,NASDAQ
ASST,NASDAQ
ASTC,NASDAQ
ASTE,NASDAQ
ASTH,NASDAQ
ASTI,NASDAQ
ASTL,NASDAQ
ASTS,NASDAQ
ASUR,NASDAQ
ASYS,NASDAQ
ATAI,NASDAQ
ATAT,NASDAQ
ATEC,NASDAQ
ATER,NASDAQ
ATEX,NASDAQ
ATGL,NASDAQ
ATHA,NASDAQ
ATHE,NASDAQ
ATHR,NASDAQ
ATII,NASDAQ
ATLC,NASDAQ
ATLN,NASDAQ
ATLO,NASDAQ
ATLX,NASDAQ
ATMC,NASDAQ
ATMV,NASDAQ
ATNI,NASDAQ
ATOM,NASDAQ
ATON,NASDAQ
ATOS,NASDAQ
ATPC,NASDAQ
ATRA,NASDAQ
ATRC,NASDAQ
ATRO,NASDAQ
ATXG,NASDAQ
ATXS,NASDAQ
ATYR,NASDAQ
AUBN,NASDAQ
AUDC,NASDAQ
AUGO,NASDAQ
AUID,NASDAQ
AUPH,NASDAQ
AUR,NASDAQ
AURA,NASDAQ
AUTL,NASDAQ
AUUD,NASDAQ
AVAH,NASDAQ
AVAV,NASDAQ
AVBH,NASDAQ
AVBP,NASDAQ
AVDL,NASDAQ
AVDX,NASDAQ
AVGO,NASDAQ
AVIR,NASDAQ
AVNW,NASDAQ
AVO,NASDAQ
AVPT,NASDAQ
AVR,NASDAQ
AVT,NASDAQ
AVTX,NASDAQ
AVXL,NASDAQ
AWRE,NASDAQ
AXGN,NASDAQ
AXIN,NASDAQ
AXON,NASDAQ
AXSM,NASDAQ
AXTI,NASDAQ
AYTU,NASDAQ
AZ,NASDAQ
AZI,NASDAQ
AZN,NASDAQ
AZTA,NASDAQ
BACC,NASDAQ
BACQ,NASDAQ
BAER,NASDAQ
BAFN,NASDAQ
BAIG,NASDAQ
BAND,NASDAQ
BANF,NASDAQ
BANL,NASDAQ
BANR,NASDAQ
BANX,NASDAQ
BAOS,NASDAQ
BAYA,NASDAQ
BBCP,NASDAQ
BBGI,NASDAQ
BBIO,NASDAQ
BBLG,NASDAQ
BBNX,NASDAQ
BBOT,NASDAQ
BBSI,NASDAQ
BCAB,NASDAQ
BCAL,NASDAQ
BCAR,NASDAQ
BCAX,NASDAQ
BCBP,NASDAQ
BCDA,NASDAQ
BCG,NASDAQ
BCIC,NASDAQ
BCML,NASDAQ
BCPC,NASDAQ
BCRX,NASDAQ
BCTX,NASDAQ
BCYC,NASDAQ
BDMD,NASDAQ
BDRX,NASDAQ
BDSX,NASDAQ
BDTX,NASDAQ
BEAG,NASDAQ
BEAM,NASDAQ
BEAT,NASDAQ
BEEM,NASDAQ
BEEP,NASDAQ
BENF,NASDAQ
BETR,NASDAQ
BFC,NASDAQ
BFIN,NASDAQ
BFRG,NASDAQ
BFRI,NASDAQ
BFST,NASDAQ
BGC,NASDAQ
BGFV,NASDAQ
BGL,NASDAQ
BGLC,NASDAQ
BGM,NASDAQ
BGMS,NASDAQ
BHAT,NASDAQ
BHF,NASDAQ
BHRB,NASDAQ
BHST,NASDAQ
BIAF,NASDAQ
BIDU,NASDAQ
BIIB,NASDAQ
BILI,NASDAQ
BINI,NASDAQ
BIOA,NASDAQ
BIOX,NASDAQ
BIRD,NASDAQ
BITF,NASDAQ
BIVI,NASDAQ
BIYA,NASDAQ
BJDX,NASDAQ
BJRI,NASDAQ
BKHA,NASDAQ
BKNG,NASDAQ
BKR,NASDAQ
BKYI,NASDAQ
BL,NASDAQ
BLBD,NASDAQ
BLBX,NASDAQ
BLDP,NASDAQ
BLFS,NASDAQ
BLFY,NASDAQ
BLIN,NASDAQ
BLIV,NASDAQ
BLKB,NASDAQ
BLMN,NASDAQ
BLMZ,NASDAQ
BLNE,NASDAQ
BLNK,NASDAQ
BLRX,NASDAQ
BLTE,NASDAQ
BLUW,NASDAQ
BLZE,NASDAQ
BMBL,NASDAQ
BMEA,NASDAQ
BMGL,NASDAQ
BMHL,NASDAQ
BMR,NASDAQ
BMRA,NASDAQ
BMRC,NASDAQ
BMRN,NASDAQ
BNAI,NASDAQ
BNC,NASDAQ
BNGO,NASDAQ
BNR,NASDAQ
BNRG,NASDAQ
BNTC,NASDAQ
BNTX,NASDAQ
BNZI,NASDAQ
BODI,NASDAQ
BOF,NASDAQ
BOKF,NASDAQ
BOLD,NASDAQ
BOLT,NASDAQ
BON,NASDAQ
BOOM,NASDAQ
BOSC,NASDAQ
BOTJ,NASDAQ
BOWN,NASDAQ
BOXL,NASDAQ
BPOP,NASDAQ
BPRN,NASDAQ
BRAG,NASDAQ
BRBI,NASDAQ
BRCB,NASDAQ
BREA,NASDAQ
BRFH,NASDAQ
BRID,NASDAQ
BRKR,NASDAQ
BRLS,NASDAQ
BRLT,NASDAQ
BRNS,NASDAQ
BRR,NASDAQ
BRTX,NASDAQ
BRY,NASDAQ
BRZE,NASDAQ
BSAA,NASDAQ
BSBK,NASDAQ
BSET,NASDAQ
BSLK,NASDAQ
BSRR,NASDAQ
BSVN,NASDAQ
BSY,NASDAQ
BTAI,NASDAQ
BTBD,NASDAQ
BTBT,NASDAQ
BTCS,NASDAQ
BTCT,NASDAQ
BTDR,NASDAQ
BTM,NASDAQ
BTMD,NASDAQ
BTOC,NASDAQ
BTOG,NASDAQ
BTQ,NASDAQ
BTSG,NASDAQ
BULL,NASDAQ
BUSE,NASDAQ
BUUU,NASDAQ
BVFL,NASDAQ
BVS,NASDAQ
BWAY,NASDAQ
BWB,NASDAQ
BWEN,NASDAQ
BWFG,NASDAQ
BWIN,NASDAQ
BWMN,NASDAQ
BYFC,NASDAQ
BYND,NASDAQ
BYRN,NASDAQ
BYSI,NASDAQ
BZ,NASDAQ
BZAI,NASDAQ
BZFD,NASDAQ
BZUN,NASDAQ
CAAS,NASDAQ
CABA,NASDAQ
CAC,NASDAQ
CACC,NASDAQ
CADL,NASDAQ
CAEP,NASDAQ
CAI,NASDAQ
CAKE,NASDAQ
CALC,NASDAQ
CALM,NASDAQ
CAMP,NASDAQ
CAMT,NASDAQ
CAN,NASDAQ
CAPN,NASDAQ
CAPR,NASDAQ
CAPS,NASDAQ
CAPT,NASDAQ
CAR,NASDAQ
CARE,NASDAQ
CARG,NASDAQ
CARL,NASDAQ
CARM,NASDAQ
CART,NASDAQ
CARV,NASDAQ
CASH,NASDAQ
CASI,NASDAQ
CASS,NASDAQ
CASY,NASDAQ
CATY,NASDAQ
CBAT,NASDAQ
CBFV,NASDAQ
CBIO,NASDAQ
CBLL,NASDAQ
CBNK,NASDAQ
CBRL,NASDAQ
CBSH,NASDAQ
CBUS,NASDAQ
CCAP,NASDAQ
CCB,NASDAQ
CCBG,NASDAQ
CCCC,NASDAQ
CCCS,NASDAQ
CCCX,NASDAQ
CCD,NASDAQ
CCEC,NASDAQ
CCEP,NASDAQ
CCG,NASDAQ
CCII,NASDAQ
CCIX,NASDAQ
CCLD,NASDAQ
CCNE,NASDAQ
CCOI,NASDAQ
CCRN,NASDAQ
CCSI,NASDAQ
CCTG,NASDAQ
CDIO,NASDAQ
CDLX,NASDAQ
CDNA,NASDAQ
CDNS,NASDAQ
CDRO,NASDAQ
CDT,NASDAQ
CDTG,NASDAQ
CDTX,NASDAQ
CDW,NASDAQ
CDXS,NASDAQ
CDZI,NASDAQ
CECO,NASDAQ
CEG,NASDAQ
CELC,NASDAQ
CELH,NASDAQ
CELU,NASDAQ
CELZ,NASDAQ
CENN,NASDAQ
CENT,NASDAQ
CENX,NASDAQ
CEP,NASDAQ
CEPF,NASDAQ
CEPO,NASDAQ
CEPT,NASDAQ
CERO,NASDAQ
CERS,NASDAQ
CERT,NASDAQ
CETX,NASDAQ
CETY,NASDAQ
CEVA,NASDAQ
CFBK,NASDAQ
CFFI,NASDAQ
CFFN,NASDAQ
CFLT,NASDAQ
CFSB,NASDAQ
CG,NASDAQ
CGBD,NASDAQ
CGC,NASDAQ
CGCT,NASDAQ
CGEM,NASDAQ
CGEN,NASDAQ
CGNT,NASDAQ
CGNX,NASDAQ
CGO,NASDAQ
CGON,NASDAQ
CGTL,NASDAQ
CGTX,NASDAQ
CHA,NASDAQ
CHAC,NASDAQ
CHAR,NASDAQ
CHCI,NASDAQ
CHCO,NASDAQ
CHDN,NASDAQ
CHEF,NASDAQ
CHEK,NASDAQ
CHI,NASDAQ
CHKP,NASDAQ
CHMG,NASDAQ
CHNR,NASDAQ
CHPG,NASDAQ
CHR,NASDAQ
CHRD,NASDAQ
CHRS,NASDAQ
CHRW,NASDAQ
CHSN,NASDAQ
CHTR,NASDAQ
CHW,NASDAQ
CHY,NASDAQ
CHYM,NASDAQ
CIFR,NASDAQ
CIGI,NASDAQ
CIGL,NASDAQ
CIIT,NASDAQ
CINF,NASDAQ
CING,NASDAQ
CISO,NASDAQ
CISS,NASDAQ
CIVB,NASDAQ
CJET,NASDAQ
CJMB,NASDAQ
CLAR,NASDAQ
CLBK,NASDAQ
CLBT,NASDAQ
CLDX,NASDAQ
CLFD,NASDAQ
CLGN,NASDAQ
CLIK,NASDAQ
CLIR,NASDAQ
CLLS,NASDAQ
CLMB,NASDAQ
CLMT,NASDAQ
CLNE,NASDAQ
CLNN,NASDAQ
CLOV,NASDAQ
CLPS,NASDAQ
CLPT,NASDAQ
CLRB,NASDAQ
CLRO,NASDAQ
CLSD,NASDAQ
CLSK,NASDAQ
CLST,NASDAQ
CLWT,NASDAQ
CLYM,NASDAQ
CMBM,NASDAQ
CMCO,NASDAQ
CMCT,NASDAQ
CME,NASDAQ
CMMB,NASDAQ
CMND,NASDAQ
CMPR,NASDAQ
CMPS,NASDAQ
CMPX,NASDAQ
CMRC,NASDAQ
CMTL,NASDAQ
CNCK,NASDAQ
CNDT,NASDAQ
CNET,NASDAQ
CNEY,NASDAQ
CNOB,NASDAQ
CNQQ,NASDAQ
CNSP,NASDAQ
CNTA,NASDAQ
CNTB,NASDAQ
CNTX,NASDAQ
CNTY,NASDAQ
CNVS,NASDAQ
CNXC,NASDAQ
CNXN,NASDAQ
COCH,NASDAQ
COCO,NASDAQ
COCP,NASDAQ
CODA,NASDAQ
CODX,NASDAQ
COEP,NASDAQ
COFS,NASDAQ
COGT,NASDAQ
COHU,NASDAQ
COIN,NASDAQ
COKE,NASDAQ
COLA,NASDAQ
COLB,NASDAQ
COLL,NASDAQ
COLM,NASDAQ
COMM,NASDAQ
COO,NASDAQ
COOP,NASDAQ
COOT,NASDAQ
CORT,NASDAQ
CORZ,NASDAQ
COSM,NASDAQ
COST,NASDAQ
COTG,NASDAQ
COYA,NASDAQ
CPB,NASDAQ
CPBI,NASDAQ
CPHC,NASDAQ
CPIX,NASDAQ
CPOP,NASDAQ
CPRT,NASDAQ
CPRX,NASDAQ
CPSH,NASDAQ
CPSS,NASDAQ
CPZ,NASDAQ
CRAI,NASDAQ
CRAQ,NASDAQ
CRBP,NASDAQ
CRBU,NASDAQ
CRCG,NASDAQ
CRCT,NASDAQ
CRDF,NASDAQ
CRDL,NASDAQ
CRDO,NASDAQ
CRE,NASDAQ
CREG,NASDAQ
CREV,NASDAQ
CREX,NASDAQ
CRGO,NASDAQ
CRIS,NASDAQ
CRMD,NASDAQ
CRML,NASDAQ
CRMT,NASDAQ
CRNC,NASDAQ
CRNT,NASDAQ
CRNX,NASDAQ
CRON,NASDAQ
CROX,NASDAQ
CRSP,NASDAQ
CRSR,NASDAQ
CRTO,NASDAQ
CRUS,NASDAQ
CRVL,NASDAQ
CRVO,NASDAQ
CRVS,NASDAQ
CRWD,NASDAQ
CRWS,NASDAQ
CRWV,NASDAQ
CSAI,NASDAQ
CSBR,NASDAQ
CSCO,NASDAQ
CSGP,NASDAQ
CSGS,NASDAQ
CSIQ,NASDAQ
CSPI,NASDAQ
CSQ,NASDAQ
CSTE,NASDAQ
CSTL,NASDAQ
CSWC,NASDAQ
CSX,NASDAQ
CTAS,NASDAQ
CTBI,NASDAQ
CTKB,NASDAQ
CTLP,NASDAQ
CTMX,NASDAQ
CTNM,NASDAQ
CTNT,NASDAQ
CTOR,NASDAQ
CTRM,NASDAQ
CTRN,NASDAQ
CTSH,NASDAQ
CTSO,NASDAQ
CTW,NASDAQ
CTXR,NASDAQ
CUB,NASDAQ
CUE,NASDAQ
CUPR,NASDAQ
CURI,NASDAQ
CURR,NASDAQ
CURX,NASDAQ
CV,NASDAQ
CVAC,NASDAQ
CVBF,NASDAQ
CVCO,NASDAQ
CVGI,NASDAQ
CVGW,NASDAQ
CVKD,NASDAQ
CVLT,NASDAQ
CVRX,NASDAQ
CVV,NASDAQ
CWBC,NASDAQ
CWCO,NASDAQ
CWD,NASDAQ
CWST,NASDAQ
CXAI,NASDAQ
CXDO,NASDAQ
CYBR,NASDAQ
CYCN,NASDAQ
CYCU,NASDAQ
CYN,NASDAQ
CYRX,NASDAQ
CYTK,NASDAQ
CZFS,NASDAQ
CZNC,NASDAQ
CZR,NASDAQ
CZWI,NASDAQ
DAAQ,NASDAQ
DAIC,NASDAQ
DAIO,NASDAQ
DAKT,NASDAQ
DARE,NASDAQ
DASH,NASDAQ
DAVE,NASDAQ
DAWN,NASDAQ
DBGI,NASDAQ
DBVT,NASDAQ
DBX,NASDAQ
DCBO,NASDAQ
DCGO,NASDAQ
DCOM,NASDAQ
DCTH,NASDAQ
DDI,NASDAQ
DDOG,NASDAQ
DEFT,NASDAQ
DENN,NASDAQ
DERM,NASDAQ
DEVS,NASDAQ
DFDV,NASDAQ
DFLI,NASDAQ
DFSC,NASDAQ
DGII,NASDAQ
DGLY,NASDAQ
DGNX,NASDAQ
DGXX,NASDAQ
DH,NASDAQ
DHAI,NASDAQ
DHC,NASDAQ
DHIL,NASDAQ
DIBS,NASDAQ
DIOD,NASDAQ
DJCO,NASDAQ
DJT,NASDAQ
DKI,NASDAQ
DKNG,NASDAQ
DLHC,NASDAQ
DLO,NASDAQ
DLPN,NASDAQ
DLTH,NASDAQ
DLTR,NASDAQ
DLXY,NASDAQ
DMAA,NASDAQ
DMAC,NASDAQ
DMLP,NASDAQ
DMRC,NASDAQ
DNLI,NASDAQ
DNTH,NASDAQ
DNUT,NASDAQ
DOCU,NASDAQ
DOGZ,NASDAQ
DOMH,NASDAQ
DOMO,NASDAQ
DOOO,NASDAQ
DORM,NASDAQ
DOX,NASDAQ
DOYU,NASDAQ
DPRO,NASDAQ
DPZ,NASDAQ
DRCT,NASDAQ
DRDB,NASDAQ
DRIO,NASDAQ
DRMA,NASDAQ
DRS,NASDAQ
DRTS,NASDAQ
DRUG,NASDAQ
DRVN,NASDAQ
DSGN,NASDAQ
DSGR,NASDAQ
DSGX,NASDAQ
DSP,NASDAQ
DSWL,NASDAQ
DSY,NASDAQ
DTCK,NASDAQ
DTI,NASDAQ
DTIL,NASDAQ
DTSQ,NASDAQ
DTSS,NASDAQ
DTST,NASDAQ
DUO,NASDAQ
DUOL,NASDAQ
DUOT,NASDAQ
DVAX,NASDAQ
DVLT,NASDAQ
DVRE,NASDAQ
DWSN,NASDAQ
DWTX,NASDAQ
DXCM,NASDAQ
DXLG,NASDAQ
DXPE,NASDAQ
DXR,NASDAQ
DXST,NASDAQ
DYAI,NASDAQ
DYCQ,NASDAQ
DYN,NASDAQ
EA,NASDAQ
EBAY,NASDAQ
EBC,NASDAQ
EBMT,NASDAQ
EBON,NASDAQ
ECBK,NASDAQ
ECDA,NASDAQ
ECOR,NASDAQ
ECPG,NASDAQ
ECX,NASDAQ
EDAP,NASDAQ
EDBL,NASDAQ
EDHL,NASDAQ
EDIT,NASDAQ
EDRY,NASDAQ
EDSA,NASDAQ
EDTK,NASDAQ
EDUC,NASDAQ
EEFT,NASDAQ
EEIQ,NASDAQ
EFOI,NASDAQ
EFSC,NASDAQ
EFSI,NASDAQ
EFTY,NASDAQ
EGAN,NASDAQ
EGBN,NASDAQ
EGHA,NASDAQ
EGHT,NASDAQ
EH,NASDAQ
EHGO,NASDAQ
EHLD,NASDAQ
EHTH,NASDAQ
EJH,NASDAQ
EKSO,NASDAQ
ELAB,NASDAQ
ELBM,NASDAQ
ELDN,NASDAQ
ELOG,NASDAQ
ELPW,NASDAQ
ELSE,NASDAQ
ELTK,NASDAQ
ELTX,NASDAQ
ELUT,NASDAQ
ELVA,NASDAQ
ELVN,NASDAQ
ELVR,NASDAQ
ELWS,NASDAQ
EM,NASDAQ
EMBC,NASDAQ
EML,NASDAQ
EMPD,NASDAQ
EMPG,NASDAQ
ENGN,NASDAQ
ENGS,NASDAQ
ENLT,NASDAQ
ENLV,NASDAQ
ENPH,NASDAQ
ENSC,NASDAQ
ENSG,NASDAQ
ENTA,NASDAQ
ENTG,NASDAQ
ENTO,NASDAQ
ENTX,NASDAQ
ENVB,NASDAQ
ENVX,NASDAQ
EOLS,NASDAQ
EOSE,NASDAQ
EPIX,NASDAQ
EPOW,NASDAQ
EPRX,NASDAQ
EPSM,NASDAQ
EPSN,NASDAQ
EPWK,NASDAQ
EQ,NASDAQ
EQIX,NASDAQ
ERAS,NASDAQ
ERIC,NASDAQ
ERIE,NASDAQ
ERII,NASDAQ
ERNA,NASDAQ
ESCA,NASDAQ
ESEA,NASDAQ
ESGL,NASDAQ
ESHA,NASDAQ
ESLA,NASDAQ
ESLT,NASDAQ
ESOA,NASDAQ
ESPR,NASDAQ
ESQ,NASDAQ
ESTA,NASDAQ
ETHA,NASDAQ
ETHM,NASDAQ
ETHZ,NASDAQ
ETNB,NASDAQ
ETON,NASDAQ
ETOR,NASDAQ
ETS,NASDAQ
ETSY,NASDAQ
EU,NASDAQ
EUDA,NASDAQ
EURK,NASDAQ
EVAX,NASDAQ
EVCM,NASDAQ
EVER,NASDAQ
EVGN,NASDAQ
EVGO,NASDAQ
EVLV,NASDAQ
EVO,NASDAQ
EVOK,NASDAQ
EVRG,NASDAQ
EVTV,NASDAQ
EWBC,NASDAQ
EWCZ,NASDAQ
EWTX,NASDAQ
EXAS,NASDAQ
EXC,NASDAQ
EXE,NASDAQ
EXEL,NASDAQ
EXFY,NASDAQ
EXLS,NASDAQ
EXOZ,NASDAQ
EXPE,NASDAQ
EXPI,NASDAQ
EXPO,NASDAQ
EXTR,NASDAQ
EYE,NASDAQ
EYPT,NASDAQ
EZGO,NASDAQ
EZPW,NASDAQ
FA,NASDAQ
FACT,NASDAQ
FAMI,NASDAQ
FANG,NASDAQ
FARM,NASDAQ
FAST,NASDAQ
FAT,NASDAQ
FATE,NASDAQ
FATN,NASDAQ
FBGL,NASDAQ
FBIO,NASDAQ
FBIZ,NASDAQ
FBLA,NASDAQ
FBLG,NASDAQ
FBNC,NASDAQ
FBRX,NASDAQ
FBYD,NASDAQ
FCAP,NASDAQ
FCBC,NASDAQ
FCCO,NASDAQ
FCEL,NASDAQ
FCFS,NASDAQ
FCHL,NASDAQ
FCUV,NASDAQ
FDBC,NASDAQ
FDMT,NASDAQ
FDSB,NASDAQ
FDUS,NASDAQ
FEAM,NASDAQ
FEBO,NASDAQ
FEIM,NASDAQ
FELE,NASDAQ
FEMY,NASDAQ
FENC,NASDAQ
FER,NASDAQ
FERA,NASDAQ
FFAI,NASDAQ
FFBC,NASDAQ
FFIC,NASDAQ
FFIN,NASDAQ
FFIV,NASDAQ
FGBI,NASDAQ
FGEN,NASDAQ
FGI,NASDAQ
FGL,NASDAQ
FGMC,NASDAQ
FGNX,NASDAQ
FHB,NASDAQ
FHTX,NASDAQ
FIBK,NASDAQ
FIEE,NASDAQ
FIGR,NASDAQ
FIGX,NASDAQ
FINW,NASDAQ
FIP,NASDAQ
FISI,NASDAQ
FITB,NASDAQ
FIVE,NASDAQ
FIVN,NASDAQ
FIZZ,NASDAQ
FKWL,NASDAQ
FLD,NASDAQ
FLEX,NASDAQ
FLGC,NASDAQ
FLGT,NASDAQ
FLL,NASDAQ
FLNC,NASDAQ
FLNT,NASDAQ
FLUX,NASDAQ
FLWS,NASDAQ
FLX,NASDAQ
FLXS,NASDAQ
FLY,NASDAQ
FLYE,NASDAQ
FLYW,NASDAQ
FMAO,NASDAQ
FMBH,NASDAQ
FMFC,NASDAQ
FMNB,NASDAQ
FMST,NASDAQ
FNGR,NASDAQ
FNKO,NASDAQ
FNLC,NASDAQ
FNWB,NASDAQ
FNWD,NASDAQ
FOFO,NASDAQ
FOLD,NASDAQ
FONR,NASDAQ
FORA,NASDAQ
FORD,NASDAQ
FORL,NASDAQ
FORM,NASDAQ
FORR,NASDAQ
FOSL,NASDAQ
FOX,NASDAQ
FOXA,NASDAQ
FOXF,NASDAQ
FOXX,NASDAQ
FPAY,NASDAQ
FRAF,NASDAQ
FRBA,NASDAQ
FRD,NASDAQ
FRGT,NASDAQ
FRHC,NASDAQ
FRME,NASDAQ
FROG,NASDAQ
FRPH,NASDAQ
FRPT,NASDAQ
FRSH,NASDAQ
FRST,NASDAQ
FRSX,NASDAQ
FSBC,NASDAQ
FSBW,NASDAQ
FSEA,NASDAQ
FSFG,NASDAQ
FSHP,NASDAQ
FSLR,NASDAQ
FSTR,NASDAQ
FSUN,NASDAQ
FSV,NASDAQ
FTAI,NASDAQ
FTCI,NASDAQ
FTDR,NASDAQ
FTEK,NASDAQ
FTEL,NASDAQ
FTFT,NASDAQ
FTHM,NASDAQ
FTLF,NASDAQ
FTNT,NASDAQ
FTRE,NASDAQ
FTRK,NASDAQ
FUFU,NASDAQ
FULC,NASDAQ
FULT,NASDAQ
FUNC,NASDAQ
FUND,NASDAQ
FUSB,NASDAQ
FUTU,NASDAQ
FVCB,NASDAQ
FVN,NASDAQ
FWRD,NASDAQ
FWRG,NASDAQ
FXNC,NASDAQ
FYBR,NASDAQ
GABC,NASDAQ
GAIA,NASDAQ
GAIN,NASDAQ
GALT,NASDAQ
GAMB,NASDAQ
GAME,NASDAQ
GANX,NASDAQ
GASS,NASDAQ
GAUZ,NASDAQ
GBDC,NASDAQ
GBFH,NASDAQ
GBIO,NASDAQ
GCBC,NASDAQ
GCL,NASDAQ
GCMG,NASDAQ
GCT,NASDAQ
GCTK,NASDAQ
GDC,NASDAQ
GDEN,NASDAQ
GDEV,NASDAQ
GDHG,NASDAQ
GDRX,NASDAQ
GDS,NASDAQ
GDTC,NASDAQ
GDYN,NASDAQ
GECC,NASDAQ
GEG,NASDAQ
GEHC,NASDAQ
GELS,NASDAQ
GEMI,NASDAQ
GEN,NASDAQ
GENK,NASDAQ
GEOS,NASDAQ
GERN,NASDAQ
GEVO,NASDAQ
GFAI,NASDAQ
GFS,NASDAQ
GGAL,NASDAQ
GGR,NASDAQ
GH,NASDAQ
GHRS,NASDAQ
GIBO,NASDAQ
GIFI,NASDAQ
GIFT,NASDAQ
GIG,NASDAQ
GIGM,NASDAQ
GIII,NASDAQ
GILD,NASDAQ
GILT,NASDAQ
GIPR,NASDAQ
GITS,NASDAQ
GLAD,NASDAQ
GLBE,NASDAQ
GLBS,NASDAQ
GLBZ,NASDAQ
GLDD,NASDAQ
GLE,NASDAQ
GLMD,NASDAQ
GLNG,NASDAQ
GLPG,NASDAQ
GLPI,NASDAQ
GLRE,NASDAQ
GLSI,NASDAQ
GLTO,NASDAQ
GLUE,NASDAQ
GLXG,NASDAQ
GLXY,NASDAQ
GMAB,NASDAQ
GMGI,NASDAQ
GMHS,NASDAQ
GMM,NASDAQ
GNFT,NASDAQ
GNLN,NASDAQ
GNLX,NASDAQ
GNPX,NASDAQ
GNSS,NASDAQ
GNTA,NASDAQ
GNTX,NASDAQ
GO,NASDAQ
GOCO,NASDAQ
GOGO,NASDAQ
GOOD,NASDAQ
GOOG,NASDAQ
GORV,NASDAQ
GOSS,NASDAQ
GOVX,NASDAQ
GP,NASDAQ
GPAT,NASDAQ
GPCR,NASDAQ
GPRE,NASDAQ
GPRO,NASDAQ
GRAB,NASDAQ
GRAL,NASDAQ
GRAN,NASDAQ
GRCE,NASDAQ
GREE,NASDAQ
GRFS,NASDAQ
GRI,NASDAQ
GRNQ,NASDAQ
GROW,NASDAQ
GRPN,NASDAQ
GRRR,NASDAQ
GRVY,NASDAQ
GRWG,NASDAQ
GSAT,NASDAQ
GSBC,NASDAQ
GSHD,NASDAQ
GSHR,NASDAQ
GSIT,NASDAQ
GSIW,NASDAQ
GSM,NASDAQ
GSRT,NASDAQ
GSUN,NASDAQ
GT,NASDAQ
GTBP,NASDAQ
GTEC,NASDAQ
GTEN,NASDAQ
GTI,NASDAQ
GTIM,NASDAQ
GTLB,NASDAQ
GTM,NASDAQ
GTX,NASDAQ
GURE,NASDAQ
GUTS,NASDAQ
GV,NASDAQ
GVH,NASDAQ
GWAV,NASDAQ
GWRS,NASDAQ
GXAI,NASDAQ
GYRE,NASDAQ
GYRO,NASDAQ
HAFC,NASDAQ
HAIN,NASDAQ
HALO,NASDAQ
HAO,NASDAQ
HAS,NASDAQ
HBAN,NASDAQ
HBCP,NASDAQ
HBIO,NASDAQ
HBNB,NASDAQ
HBNC,NASDAQ
HBT,NASDAQ
HCAI,NASDAQ
HCAT,NASDAQ
HCHL,NASDAQ
HCKT,NASDAQ
HCM,NASDAQ
HCMA,NASDAQ
HCSG,NASDAQ
HCTI,NASDAQ
HCWB,NASDAQ
HDL,NASDAQ
HDSN,NASDAQ
HELE,NASDAQ
HEPS,NASDAQ
HFBL,NASDAQ
HFFG,NASDAQ
HFWA,NASDAQ
HGBL,NASDAQ
HHS,NASDAQ
HIFS,NASDAQ
HIHO,NASDAQ
HIMX,NASDAQ
HIND,NASDAQ
HIT,NASDAQ
HITI,NASDAQ
HIVE,NASDAQ
HKIT,NASDAQ
HKPD,NASDAQ
HLIT,NASDAQ
HLMN,NASDAQ
HLNE,NASDAQ
HLP,NASDAQ
HMR,NASDAQ
HNNA,NASDAQ
HNRG,NASDAQ
HNST,NASDAQ
HNVR,NASDAQ
HOFT,NASDAQ
HOLO,NASDAQ
HOLX,NASDAQ
HON,NASDAQ
HOND,NASDAQ
HONE,NASDAQ
HOOD,NASDAQ
HOPE,NASDAQ
HOTH,NASDAQ
HOUR,NASDAQ
HOVR,NASDAQ
HOWL,NASDAQ
HOYY,NASDAQ
HPAI,NASDAQ
HPK,NASDAQ
HQI,NASDAQ
HQY,NASDAQ
HRMY,NASDAQ
HROW,NASDAQ
HRTX,NASDAQ
HRZN,NASDAQ
HSAI,NASDAQ
HSCS,NASDAQ
HSDT,NASDAQ
HSIC,NASDAQ
HSII,NASDAQ
HSPO,NASDAQ
HSPT,NASDAQ
HST,NASDAQ
HSTM,NASDAQ
HTBK,NASDAQ
HTCO,NASDAQ
HTCR,NASDAQ
HTFL,NASDAQ
HTHT,NASDAQ
HTLD,NASDAQ
HTLM,NASDAQ
HTO,NASDAQ
HTOO,NASDAQ
HTZ,NASDAQ
HUBC,NASDAQ
HUBG,NASDAQ
HUDI,NASDAQ
HUHU,NASDAQ
HUIZ,NASDAQ
HUMA,NASDAQ
HURA,NASDAQ
HURC,NASDAQ
HURN,NASDAQ
HUT,NASDAQ
HVII,NASDAQ
HWBK,NASDAQ
HWC,NASDAQ
HWH,NASDAQ
HWKN,NASDAQ
HXHX,NASDAQ
HYFM,NASDAQ
HYFT,NASDAQ
HYMC,NASDAQ
HYPD,NASDAQ
HYPR,NASDAQ
IAC,NASDAQ
IART,NASDAQ
IAS,NASDAQ
IBAC,NASDAQ
IBCP,NASDAQ
IBEX,NASDAQ
IBG,NASDAQ
IBIO,NASDAQ
IBKR,NASDAQ
IBOC,NASDAQ
IBRX,NASDAQ
ICCC,NASDAQ
ICCM,NASDAQ
ICFI,NASDAQ
ICG,NASDAQ
ICHR,NASDAQ
ICLR,NASDAQ
ICMB,NASDAQ
ICON,NASDAQ
ICU,NASDAQ
ICUI,NASDAQ
IDAI,NASDAQ
IDCC,NASDAQ
IDN,NASDAQ
IDXX,NASDAQ
IDYA,NASDAQ
IEP,NASDAQ
IESC,NASDAQ
IFBD,NASDAQ
IFRX,NASDAQ
IGIC,NASDAQ
IHRT,NASDAQ
III,NASDAQ
IIIV,NASDAQ
IINN,NASDAQ
IKT,NASDAQ
ILAG,NASDAQ
ILLR,NASDAQ
ILMN,NASDAQ
ILPT,NASDAQ
IMA,NASDAQ
IMAB,NASDAQ
IMCC,NASDAQ
IMCR,NASDAQ
IMDX,NASDAQ
IMG,NASDAQ
IMMP,NASDAQ
IMMR,NASDAQ
IMMX,NASDAQ
IMNM,NASDAQ
IMNN,NASDAQ
IMOS,NASDAQ
IMPP,NASDAQ
IMRN,NASDAQ
IMRX,NASDAQ
IMTE,NASDAQ
IMTX,NASDAQ
IMUX,NASDAQ
IMVT,NASDAQ
IMXI,NASDAQ
INAB,NASDAQ
INAC,NASDAQ
INBK,NASDAQ
INBS,NASDAQ
INBX,NASDAQ
INCR,NASDAQ
INCY,NASDAQ
INDB,NASDAQ
INDI,NASDAQ
INDP,NASDAQ
INDV,NASDAQ
INEO,NASDAQ
INGN,NASDAQ
INHD,NASDAQ
INKT,NASDAQ
INLF,NASDAQ
INM,NASDAQ
INMB,NASDAQ
INMD,NASDAQ
INNV,NASDAQ
INO,NASDAQ
INOD,NASDAQ
INSE,NASDAQ
INSG,NASDAQ
INSM,NASDAQ
INTA,NASDAQ
INTC,NASDAQ
INTG,NASDAQ
INTJ,NASDAQ
INTR,NASDAQ
INTS,NASDAQ
INTU,NASDAQ
INTZ,NASDAQ
INV,NASDAQ
INVA,NASDAQ
INVE,NASDAQ
INVZ,NASDAQ
IOBT,NASDAQ
IONR,NASDAQ
IONS,NASDAQ
IOSP,NASDAQ
IOTR,NASDAQ
IOVA,NASDAQ
IPAR,NASDAQ
IPCX,NASDAQ
IPDN,NASDAQ
IPGP,NASDAQ
IPHA,NASDAQ
IPM,NASDAQ
IPOD,NASDAQ
IPSC,NASDAQ
IPST,NASDAQ
IPW,NASDAQ
IPWR,NASDAQ
IPX,NASDAQ
IQ,NASDAQ
IQST,NASDAQ
IRBT,NASDAQ
IRD,NASDAQ
IRDM,NASDAQ
IREN,NASDAQ
IRIX,NASDAQ
IRMD,NASDAQ
IROH,NASDAQ
IRON,NASDAQ
IROQ,NASDAQ
IRTC,NASDAQ
IRWD,NASDAQ
ISBA,NASDAQ
ISPC,NASDAQ
ISPO,NASDAQ
ISPR,NASDAQ
ISRG,NASDAQ
ISRL,NASDAQ
ISSC,NASDAQ
ISTR,NASDAQ
ITIC,NASDAQ
ITRI,NASDAQ
ITRM,NASDAQ
ITRN,NASDAQ
IVA,NASDAQ
IVDA,NASDAQ
IVF,NASDAQ
IVP,NASDAQ
IVVD,NASDAQ
IXHL,NASDAQ
IZEA,NASDAQ
IZM,NASDAQ
JACK,NASDAQ
JAGX,NASDAQ
JAKK,NASDAQ
JAMF,NASDAQ
JANX,NASDAQ
JAZZ,NASDAQ
JBDI,NASDAQ
JBHT,NASDAQ
JBIO,NASDAQ
JBLU,NASDAQ
JBSS,NASDAQ
JCAP,NASDAQ
JCSE,NASDAQ
JCTC,NASDAQ
JD,NASDAQ
JDZG,NASDAQ
JEM,NASDAQ
JFB,NASDAQ
JFBR,NASDAQ
JFIN,NASDAQ
JFU,NASDAQ
JG,NASDAQ
JJSF,NASDAQ
JKHY,NASDAQ
JL,NASDAQ
JLHL,NASDAQ
JMSB,NASDAQ
JOUT,NASDAQ
JOYY,NASDAQ
JPX,NASDAQ
JRSH,NASDAQ
JRVR,NASDAQ
JSM,NASDAQ
JSPR,NASDAQ
JTAI,NASDAQ
JUNS,NASDAQ
JVA,NASDAQ
JWEL,NASDAQ
JXG,NASDAQ
JYD,NASDAQ
JYNT,NASDAQ
JZ,NASDAQ
JZXN,NASDAQ
KALA,NASDAQ
KALU,NASDAQ
KALV,NASDAQ
KARO,NASDAQ
KAVL,NASDAQ
KBSX,NASDAQ
KC,NASDAQ
KCHV,NASDAQ
KDK,NASDAQ
KDP,NASDAQ
KE,NASDAQ
KEQU,NASDAQ
KFFB,NASDAQ
KFII,NASDAQ
KG,NASDAQ
KGEI,NASDAQ
KHC,NASDAQ
KIDS,NASDAQ
KIDZ,NASDAQ
KINS,NASDAQ
KITT,NASDAQ
KLAC,NASDAQ
KLIC,NASDAQ
KLRS,NASDAQ
KLTO,NASDAQ
KLTR,NASDAQ
KLXE,NASDAQ
KMB,NASDAQ
KMDA,NASDAQ
KMRK,NASDAQ
KMTS,NASDAQ
KNDI,NASDAQ
KNSA,NASDAQ
KOD,NASDAQ
KOPN,NASDAQ
KOSS,NASDAQ
KOYN,NASDAQ
KPLT,NASDAQ
KPRX,NASDAQ
KPTI,NASDAQ
KRKR,NASDAQ
KRMD,NASDAQ
KRNT,NASDAQ
KRNY,NASDAQ
KROS,NASDAQ
KRRO,NASDAQ
KRT,NASDAQ
KRUS,NASDAQ
KRYS,NASDAQ
KSCP,NASDAQ
KSPI,NASDAQ
KTCC,NASDAQ
KTOS,NASDAQ
KTTA,NASDAQ
KURA,NASDAQ
KVAC,NASDAQ
KVHI,NASDAQ
KWM,NASDAQ
KXIN,NASDAQ
KYIV,NASDAQ
KYMR,NASDAQ
KYTX,NASDAQ
KZIA,NASDAQ
KZR,NASDAQ
LAB,NASDAQ
LAES,NASDAQ
LAKE,NASDAQ
LAMR,NASDAQ
LAND,NASDAQ
LARK,NASDAQ
LASE,NASDAQ
LASR,NASDAQ
LAUR,NASDAQ
LAWR,NASDAQ
LAZR,NASDAQ
LBGJ,NASDAQ
LBRX,NASDAQ
LCCC,NASDAQ
LCFY,NASDAQ
LCID,NASDAQ
LCNB,NASDAQ
LCUT,NASDAQ
LDWY,NASDAQ
LE,NASDAQ
LECO,NASDAQ
LEDS,NASDAQ
LEE,NASDAQ
LEGH,NASDAQ
LEGN,NASDAQ
LENZ,NASDAQ
LESL,NASDAQ
LEXX,NASDAQ
LFCR,NASDAQ
LFMD,NASDAQ
LFST,NASDAQ
LFUS,NASDAQ
LFVN,NASDAQ
LFWD,NASDAQ
LGCB,NASDAQ
LGCL,NASDAQ
LGHL,NASDAQ
LGIH,NASDAQ
LGN,NASDAQ
LGND,NASDAQ
LGO,NASDAQ
LGVN,NASDAQ
LHAI,NASDAQ
LHSW,NASDAQ
LI,NASDAQ
LICN,NASDAQ
LIDR,NASDAQ
LIEN,NASDAQ
LIF,NASDAQ
LILA,NASDAQ
LIMN,NASDAQ
LIN,NASDAQ
LINC,NASDAQ
LIND,NASDAQ
LINE,NASDAQ
LINK,NASDAQ
LIQT,NASDAQ
LITE,NASDAQ
LITM,NASDAQ
LITS,NASDAQ
LIVE,NASDAQ
LIVN,NASDAQ
LIXT,NASDAQ
LKFN,NASDAQ
LKQ,NASDAQ
LMAT,NASDAQ
LMB,NASDAQ
LMNR,NASDAQ
LNKB,NASDAQ
LNKS,NASDAQ
LNSR,NASDAQ
LNT,NASDAQ
LNTH,NASDAQ
LNW,NASDAQ
LNZA,NASDAQ
LOAN,NASDAQ
LOBO,NASDAQ
LOCO,NASDAQ
LOGI,NASDAQ
LOKV,NASDAQ
LOOP,NASDAQ
LOPE,NASDAQ
LOT,NASDAQ
LOVE,NASDAQ
LPAA,NASDAQ
LPBB,NASDAQ
LPCN,NASDAQ
LPLA,NASDAQ
LPRO,NASDAQ
LPSN,NASDAQ
LPTH,NASDAQ
LPTX,NASDAQ
LQDA,NASDAQ
LQDT,NASDAQ
LRCX,NASDAQ
LRE,NASDAQ
LRHC,NASDAQ
LRMR,NASDAQ
LSAK,NASDAQ
LSBK,NASDAQ
LSCC,NASDAQ
LSE,NASDAQ
LSH,NASDAQ
LSTA,NASDAQ
LSTR,NASDAQ
LTBR,NASDAQ
LTRN,NASDAQ
LTRX,NASDAQ
LUCD,NASDAQ
LUCY,NASDAQ
LULU,NASDAQ
LUNG,NASDAQ
LUNR,NASDAQ
LVLU,NASDAQ
LVO,NASDAQ
LVRO,NASDAQ
LVTX,NASDAQ
LWAC,NASDAQ
LWAY,NASDAQ
LWLG,NASDAQ
LX,NASDAQ
LXEH,NASDAQ
LXEO,NASDAQ
LXRX,NASDAQ
LYEL,NASDAQ
LYFT,NASDAQ
LYRA,NASDAQ
LYTS,NASDAQ
LZ,NASDAQ
LZMH,NASDAQ
MAAS,NASDAQ
MACI,NASDAQ
MAGH,NASDAQ
MAMA,NASDAQ
MAMK,NASDAQ
MAMO,NASDAQ
MANH,NASDAQ
MAPS,NASDAQ
MAR,NASDAQ
MARA,NASDAQ
MASI,NASDAQ
MASK,NASDAQ
MASS,NASDAQ
MAT,NASDAQ
MATH,NASDAQ
MATW,NASDAQ
MAXN,NASDAQ
MAYA,NASDAQ
MAYS,NASDAQ
MAZE,NASDAQ
MB,NASDAQ
MBAV,NASDAQ
MBBC,NASDAQ
MBCN,NASDAQ
MBIN,NASDAQ
MBIO,NASDAQ
MBLY,NASDAQ
MBOT,NASDAQ
MBRX,NASDAQ
MBUU,NASDAQ
MBWM,NASDAQ
MBX,NASDAQ
MCBS,NASDAQ
MCFT,NASDAQ
MCGA,NASDAQ
MCHB,NASDAQ
MCHP,NASDAQ
MCHX,NASDAQ
MCRB,NASDAQ
MCRI,NASDAQ
MCTR,NASDAQ
MCW,NASDAQ
MDAI,NASDAQ
MDB,NASDAQ
MDBH,NASDAQ
MDCX,NASDAQ
MDGL,NASDAQ
MDIA,NASDAQ
MDLZ,NASDAQ
MDRR,NASDAQ
MDWD,NASDAQ
MDXG,NASDAQ
MDXH,NASDAQ
MEDP,NASDAQ
MEGL,NASDAQ
MELI,NASDAQ
MENS,NASDAQ
MEOH,NASDAQ
MERC,NASDAQ
MESA,NASDAQ
MESO,NASDAQ
META,NASDAQ
METC,NASDAQ
MFH,NASDAQ
MFI,NASDAQ
MFIC,NASDAQ
MFIN,NASDAQ
MGEE,NASDAQ
MGIC,NASDAQ
MGIH,NASDAQ
MGN,NASDAQ
MGNI,NASDAQ
MGNX,NASDAQ
MGPI,NASDAQ
MGRC,NASDAQ
MGRM,NASDAQ
MGRT,NASDAQ
MGRX,NASDAQ
MGTX,NASDAQ
MGX,NASDAQ
MGYR,NASDAQ
MHUA,NASDAQ
MIDD,NASDAQ
MIGI,NASDAQ
MIMI,NASDAQ
MIND,NASDAQ
MIRA,NASDAQ
MIRM,NASDAQ
MIST,NASDAQ
MITK,NASDAQ
MJID,NASDAQ
MKDW,NASDAQ
MKSI,NASDAQ
MKTW,NASDAQ
MKTX,NASDAQ
MKZR,NASDAQ
MLAB,NASDAQ
MLAC,NASDAQ
MLCI,NASDAQ
MLCO,NASDAQ
MLEC,NASDAQ
MLGO,NASDAQ
MLKN,NASDAQ
MLTX,NASDAQ
MLYS,NASDAQ
MMLP,NASDAQ
MMSI,NASDAQ
MMYT,NASDAQ
MNDO,NASDAQ
MNDR,NASDAQ
MNDY,NASDAQ
MNKD,NASDAQ
MNMD,NASDAQ
MNOV,NASDAQ
MNPR,NASDAQ
MNRO,NASDAQ
MNSB,NASDAQ
MNST,NASDAQ
MNTK,NASDAQ
MNTS,NASDAQ
MNY,NASDAQ
MOB,NASDAQ
MOBX,NASDAQ
MODD,NASDAQ
MOFG,NASDAQ
MOGO,NASDAQ
MOLN,NASDAQ
MOMO,NASDAQ
MORN,NASDAQ
MOVE,NASDAQ
MPAA,NASDAQ
MPB,NASDAQ
MPWR,NASDAQ
MQ,NASDAQ
MRAM,NASDAQ
MRBK,NASDAQ
MRCC,NASDAQ
MRCY,NASDAQ
MREO,NASDAQ
MRKR,NASDAQ
MRM,NASDAQ
MRNA,NASDAQ
MRNO,NASDAQ
MRSN,NASDAQ
MRTN,NASDAQ
MRUS,NASDAQ
MRVI,NASDAQ
MRVL,NASDAQ
MRX,NASDAQ
MSAI,NASDAQ
MSBI,NASDAQ
MSDD,NASDAQ
MSEX,NASDAQ
MSFT,NASDAQ
MSGM,NASDAQ
MSGY,NASDAQ
MSPR,NASDAQ
MSS,NASDAQ
MSTP,NASDAQ
MSTR,NASDAQ
MSW,NASDAQ
MTC,NASDAQ
MTCH,NASDAQ
MTEK,NASDAQ
MTEN,NASDAQ
MTEX,NASDAQ
MTLS,NASDAQ
MTRX,NASDAQ
MTSI,NASDAQ
MTSR,NASDAQ
MTVA,NASDAQ
MU,NASDAQ
MURA,NASDAQ
MVBF,NASDAQ
MVIS,NASDAQ
MVST,NASDAQ
MWYN,NASDAQ
MXCT,NASDAQ
MXL,NASDAQ
MYFW,NASDAQ
MYGN,NASDAQ
MYNZ,NASDAQ
MYPS,NASDAQ
MYRG,NASDAQ
MYSE,NASDAQ
MYSZ,NASDAQ
MZTI,NASDAQ
NAAS,NASDAQ
NAGE,NASDAQ
NAII,NASDAQ
NAKA,NASDAQ
NAMI,NASDAQ
NAMM,NASDAQ
NAMS,NASDAQ
NAOV,NASDAQ
NATH,NASDAQ
NATR,NASDAQ
NAUT,NASDAQ
NAVI,NASDAQ
NB,NASDAQ
NBBK,NASDAQ
NBIS,NASDAQ
NBIX,NASDAQ
NBN,NASDAQ
NBTB,NASDAQ
NBTX,NASDAQ
NCEW,NASDAQ
NCI,NASDAQ
NCMI,NASDAQ
NCNA,NASDAQ
NCNO,NASDAQ
NCPL,NASDAQ
NCRA,NASDAQ
NCSM,NASDAQ
NCT,NASDAQ
NCTY,NASDAQ
NDAQ,NASDAQ
NDLS,NASDAQ
NDRA,NASDAQ
NDSN,NASDAQ
NECB,NASDAQ
NEGG,NASDAQ
NEO,NASDAQ
NEOG,NASDAQ
NEON,NASDAQ
NEOV,NASDAQ
NEPH,NASDAQ
NERV,NASDAQ
NESR,NASDAQ
NETD,NASDAQ
NEUP,NASDAQ
NEWT,NASDAQ
NEXM,NASDAQ
NEXN,NASDAQ
NEXT,NASDAQ
NFBK,NASDAQ
NFE,NASDAQ
NGNE,NASDAQ
NHIC,NASDAQ
NHTC,NASDAQ
NICE,NASDAQ
NIPG,NASDAQ
NISN,NASDAQ
NITO,NASDAQ
NIU,NASDAQ
NIVF,NASDAQ
NIXX,NASDAQ
NKSH,NASDAQ
NKTR,NASDAQ
NKTX,NASDAQ
NLSP,NASDAQ
NMFC,NASDAQ
NMIH,NASDAQ
NMP,NASDAQ
NMRA,NASDAQ
NMRK,NASDAQ
NMTC,NASDAQ
NN,NASDAQ
NNBR,NASDAQ
NNDM,NASDAQ
NNE,NASDAQ
NNNN,NASDAQ
NNOX,NASDAQ
NODK,NASDAQ
NOEM,NASDAQ
NOTV,NASDAQ
NOVT,NASDAQ
NOWL,NASDAQ
NPAC,NASDAQ
NPCE,NASDAQ
NRC,NASDAQ
NRDS,NASDAQ
NRIM,NASDAQ
NRIX,NASDAQ
NRSN,NASDAQ
NRXP,NASDAQ
NSIT,NASDAQ
NSPR,NASDAQ
NSSC,NASDAQ
NSTS,NASDAQ
NSYS,NASDAQ
NTAP,NASDAQ
NTCL,NASDAQ
NTCT,NASDAQ
NTES,NASDAQ
NTGR,NASDAQ
NTHI,NASDAQ
NTIC,NASDAQ
NTLA,NASDAQ
NTNX,NASDAQ
NTRA,NASDAQ
NTRB,NASDAQ
NTRP,NASDAQ
NTRS,NASDAQ
NTSK,NASDAQ
NTWK,NASDAQ
NTWO,NASDAQ
NUAI,NASDAQ
NUKK,NASDAQ
NUTR,NASDAQ
NUTX,NASDAQ
NUVL,NASDAQ
NUWE,NASDAQ
NVA,NASDAQ
NVAX,NASDAQ
NVCR,NASDAQ
NVCT,NASDAQ
NVDA,NASDAQ
NVEC,NASDAQ
NVFY,NASDAQ
NVMI,NASDAQ
NVNI,NASDAQ
NVNO,NASDAQ
NVTS,NASDAQ
NVVE,NASDAQ
NVX,NASDAQ
NWBI,NASDAQ
NWE,NASDAQ
NWFL,NASDAQ
NWGL,NASDAQ
NWL,NASDAQ
NWPX,NASDAQ
NWS,NASDAQ
NWSA,NASDAQ
NWTG,NASDAQ
NXGL,NASDAQ
NXL,NASDAQ
NXPI,NASDAQ
NXPL,NASDAQ
NXST,NASDAQ
NXT,NASDAQ
NXTC,NASDAQ
NXTT,NASDAQ
NXXT,NASDAQ
NYAX,NASDAQ
NYXH,NASDAQ
OABI,NASDAQ
OACC,NASDAQ
OAKU,NASDAQ
OBA,NASDAQ
OBIO,NASDAQ
OBLG,NASDAQ
OBT,NASDAQ
OCC,NASDAQ
OCCI,NASDAQ
OCFC,NASDAQ
OCG,NASDAQ
OCGN,NASDAQ
OCS,NASDAQ
OCSL,NASDAQ
OCUL,NASDAQ
ODD,NASDAQ
ODFL,NASDAQ
ODP,NASDAQ
ODYS,NASDAQ
OESX,NASDAQ
OFAL,NASDAQ
OFIX,NASDAQ
OFLX,NASDAQ
OFS,NASDAQ
OGI,NASDAQ
OKLL,NASDAQ
OKTA,NASDAQ
OKUR,NASDAQ
OKYO,NASDAQ
OLB,NASDAQ
OLED,NASDAQ
OLLI,NASDAQ
OLMA,NASDAQ
OLPX,NASDAQ
OM,NASDAQ
OMAB,NASDAQ
OMCC,NASDAQ
OMCL,NASDAQ
OMDA,NASDAQ
OMER,NASDAQ
OMEX,NASDAQ
OMH,NASDAQ
OMSE,NASDAQ
ON,NASDAQ
ONB,NASDAQ
ONC,NASDAQ
ONCH,NASDAQ
ONCO,NASDAQ
ONCY,NASDAQ
ONDS,NASDAQ
ONEG,NASDAQ
ONEW,NASDAQ
ONFO,NASDAQ
ONMD,NASDAQ
OP,NASDAQ
OPAL,NASDAQ
OPBK,NASDAQ
OPCH,NASDAQ
OPEN,NASDAQ
OPI,NASDAQ
OPK,NASDAQ
OPRA,NASDAQ
OPRT,NASDAQ
OPRX,NASDAQ
OPT,NASDAQ
OPTX,NASDAQ
OPXS,NASDAQ
ORBS,NASDAQ
ORGN,NASDAQ
ORGO,NASDAQ
ORIC,NASDAQ
ORIQ,NASDAQ
ORIS,NASDAQ
ORKA,NASDAQ
ORKT,NASDAQ
ORLY,NASDAQ
ORMP,NASDAQ
ORRF,NASDAQ
OS,NASDAQ
OSBC,NASDAQ
OSCX,NASDAQ
OSIS,NASDAQ
OSPN,NASDAQ
OSRH,NASDAQ
OSS,NASDAQ
OST,NASDAQ
OSUR,NASDAQ
OSW,NASDAQ
OTEX,NASDAQ
OTLK,NASDAQ
OTLY,NASDAQ
OTTR,NASDAQ
OUST,NASDAQ
OVBC,NASDAQ
OVID,NASDAQ
OVLY,NASDAQ
OXBR,NASDAQ
OXLC,NASDAQ
OXSQ,NASDAQ
OYSE,NASDAQ
OZK,NASDAQ
PAA,NASDAQ
PACB,NASDAQ
PACH,NASDAQ
PAGP,NASDAQ
PAHC,NASDAQ
PAL,NASDAQ
PALI,NASDAQ
PAMT,NASDAQ
PANL,NASDAQ
PANW,NASDAQ
PASG,NASDAQ
PATK,NASDAQ
PAVM,NASDAQ
PAVS,NASDAQ
PAX,NASDAQ
PAYO,NASDAQ
PAYS,NASDAQ
PAYX,NASDAQ
PBBK,NASDAQ
PBFS,NASDAQ
PBHC,NASDAQ
PBM,NASDAQ
PBPB,NASDAQ
PBYI,NASDAQ
PC,NASDAQ
PCAP,NASDAQ
PCAR,NASDAQ
PCB,NASDAQ
PCH,NASDAQ
PCLA,NASDAQ
PCRX,NASDAQ
PCSA,NASDAQ
PCSC,NASDAQ
PCT,NASDAQ
PCTY,NASDAQ
PCVX,NASDAQ
PCYO,NASDAQ
PDD,NASDAQ
PDDL,NASDAQ
PDEX,NASDAQ
PDFS,NASDAQ
PDLB,NASDAQ
PDSB,NASDAQ
PDYN,NASDAQ
PEBK,NASDAQ
PEBO,NASDAQ
PECO,NASDAQ
PEGA,NASDAQ
PELI,NASDAQ
PENG,NASDAQ
PENN,NASDAQ
PEP,NASDAQ
PEPG,NASDAQ
PERI,NASDAQ
PESI,NASDAQ
PETS,NASDAQ
PETZ,NASDAQ
PFAI,NASDAQ
PFBC,NASDAQ
PFG,NASDAQ
PFIS,NASDAQ
PFSA,NASDAQ
PFX,NASDAQ
PGAC,NASDAQ
PGC,NASDAQ
PGEN,NASDAQ
PGNY,NASDAQ
PGY,NASDAQ
PHAR,NASDAQ
PHAT,NASDAQ
PHH,NASDAQ
PHIO,NASDAQ
PHLT,NASDAQ
PHOE,NASDAQ
PHUN,NASDAQ
PHVS,NASDAQ
PI,NASDAQ
PIII,NASDAQ
PINC,NASDAQ
PKBK,NASDAQ
PKOH,NASDAQ
PLAB,NASDAQ
PLAY,NASDAQ
PLBC,NASDAQ
PLBL,NASDAQ
PLBY,NASDAQ
PLCE,NASDAQ
PLMK,NASDAQ
PLMR,NASDAQ
PLPC,NASDAQ
PLRX,NASDAQ
PLRZ,NASDAQ
PLSE,NASDAQ
PLTK,NASDAQ
PLTR,NASDAQ
PLTS,NASDAQ
PLUG,NASDAQ
PLUR,NASDAQ
PLUS,NASDAQ
PLUT,NASDAQ
PLXS,NASDAQ
PMAX,NASDAQ
PMCB,NASDAQ
PMEC,NASDAQ
PMN,NASDAQ
PMTR,NASDAQ
PMTS,NASDAQ
PMVP,NASDAQ
PN,NASDAQ
PNBK,NASDAQ
PNFP,NASDAQ
PNRG,NASDAQ
PNTG,NASDAQ
POAI,NASDAQ
POCI,NASDAQ
PODC,NASDAQ
PODD,NASDAQ
POET,NASDAQ
POLA,NASDAQ
POLE,NASDAQ
PONY,NASDAQ
POOL,NASDAQ
POWI,NASDAQ
POWL,NASDAQ
POWW,NASDAQ
PPBT,NASDAQ
PPC,NASDAQ
PPCB,NASDAQ
PPIH,NASDAQ
PPSI,NASDAQ
PPTA,NASDAQ
PRAA,NASDAQ
PRAX,NASDAQ
PRCH,NASDAQ
PRCT,NASDAQ
PRDO,NASDAQ
PRE,NASDAQ
PRFX,NASDAQ
PRGS,NASDAQ
PRHI,NASDAQ
PRLD,NASDAQ
PRME,NASDAQ
PROF,NASDAQ
PROK,NASDAQ
PROP,NASDAQ
PROV,NASDAQ
PRPH,NASDAQ
PRPL,NASDAQ
PRPO,NASDAQ
PRQR,NASDAQ
PRSO,NASDAQ
PRTA,NASDAQ
PRTC,NASDAQ
PRTH,NASDAQ
PRTS,NASDAQ
PRVA,NASDAQ
PRZO,NASDAQ
PSEC,NASDAQ
PSHG,NASDAQ
PSIG,NASDAQ
PSIX,NASDAQ
PSKY,NASDAQ
PSMT,NASDAQ
PSNL,NASDAQ
PSNY,NASDAQ
PSTV,NASDAQ
PT,NASDAQ
PTC,NASDAQ
PTCT,NASDAQ
PTEN,NASDAQ
PTGX,NASDAQ
PTHL,NASDAQ
PTIX,NASDAQ
PTLE,NASDAQ
PTLO,NASDAQ
PTNM,NASDAQ
PTON,NASDAQ
PTRN,NASDAQ
PUBM,NASDAQ
PULM,NASDAQ
PVBC,NASDAQ
PVLA,NASDAQ
PWM,NASDAQ
PWP,NASDAQ
PXLW,NASDAQ
PXS,NASDAQ
PYPD,NASDAQ
PYPL,NASDAQ
PYXS,NASDAQ
PZZA,NASDAQ
QCLS,NASDAQ
QCOM,NASDAQ
QCRH,NASDAQ
QDEL,NASDAQ
QETA,NASDAQ
QFIN,NASDAQ
QH,NASDAQ
QIPT,NASDAQ
QLDY,NASDAQ
QLGN,NASDAQ
QLYS,NASDAQ
QMCO,NASDAQ
QMMM,NASDAQ
QNCX,NASDAQ
QNRX,NASDAQ
QNST,NASDAQ
QNTM,NASDAQ
QPUX,NASDAQ
QQQX,NASDAQ
QRHC,NASDAQ
QRVO,NASDAQ
QSEA,NASDAQ
QSG,NASDAQ
QSI,NASDAQ
QTRX,NASDAQ
QTTB,NASDAQ
QUBT,NASDAQ
QUIK,NASDAQ
QUMS,NASDAQ
QURE,NASDAQ
RAAQ,NASDAQ
RADX,NASDAQ
RAIL,NASDAQ
RAIN,NASDAQ
RAND,NASDAQ
RANG,NASDAQ
RANI,NASDAQ
RAPP,NASDAQ
RAPT,NASDAQ
RARE,NASDAQ
RAVE,NASDAQ
RAY,NASDAQ
RAYA,NASDAQ
RBB,NASDAQ
RBBN,NASDAQ
RBKB,NASDAQ
RBNE,NASDAQ
RCAT,NASDAQ
RCEL,NASDAQ
RCKT,NASDAQ
RCKY,NASDAQ
RCMT,NASDAQ
RCON,NASDAQ
RCT,NASDAQ
RDAC,NASDAQ
RDAG,NASDAQ
RDCM,NASDAQ
RDGT,NASDAQ
RDHL,NASDAQ
RDI,NASDAQ
RDIB,NASDAQ
RDNT,NASDAQ
RDNW,NASDAQ
RDVT,NASDAQ
RDWR,NASDAQ
RDZN,NASDAQ
REAL,NASDAQ
REAX,NASDAQ
REBN,NASDAQ
RECT,NASDAQ
REE,NASDAQ
REFI,NASDAQ
REFR,NASDAQ
REG,NASDAQ
REGN,NASDAQ
REKR,NASDAQ
RELI,NASDAQ
RELL,NASDAQ
RELY,NASDAQ
RENB,NASDAQ
RENT,NASDAQ
REPL,NASDAQ
RETO,NASDAQ
REVB,NASDAQ
REYN,NASDAQ
RFAI,NASDAQ
RFIL,NASDAQ
RGC,NASDAQ
RGCO,NASDAQ
RGEN,NASDAQ
RGLD,NASDAQ
RGNX,NASDAQ
RGP,NASDAQ
RGS,NASDAQ
RGTI,NASDAQ
RIBB,NASDAQ
RICK,NASDAQ
RIGL,NASDAQ
RILY,NASDAQ
RIME,NASDAQ
RIOT,NASDAQ
RITR,NASDAQ
RIVN,NASDAQ
RKDA,NASDAQ
RKLB,NASDAQ
RLAY,NASDAQ
RLMD,NASDAQ
RLYB,NASDAQ
RMBI,NASDAQ
RMBS,NASDAQ
RMCF,NASDAQ
RMCO,NASDAQ
RMNI,NASDAQ
RMR,NASDAQ
RMSG,NASDAQ
RMTI,NASDAQ
RNA,NASDAQ
RNAC,NASDAQ
RNAZ,NASDAQ
RNTX,NASDAQ
RNW,NASDAQ
RNXT,NASDAQ
ROAD,NASDAQ
ROCK,NASDAQ
ROIV,NASDAQ
ROKU,NASDAQ
ROMA,NASDAQ
ROOT,NASDAQ
ROP,NASDAQ
ROST,NASDAQ
RPAY,NASDAQ
RPD,NASDAQ
RPID,NASDAQ
RPRX,NASDAQ
RPTX,NASDAQ
RR,NASDAQ
RRBI,NASDAQ
RRGB,NASDAQ
RRR,NASDAQ
RSSS,NASDAQ
RSVR,NASDAQ
RTAC,NASDAQ
RUBI,NASDAQ
RUM,NASDAQ
RUN,NASDAQ
RVMD,NASDAQ
RVNL,NASDAQ
RVPH,NASDAQ
RVSB,NASDAQ
RVSN,NASDAQ
RVYL,NASDAQ
RWAY,NASDAQ
RXRX,NASDAQ
RXST,NASDAQ
RXT,NASDAQ
RYET,NASDAQ
RYM,NASDAQ
RYOJ,NASDAQ
RYTM,NASDAQ
RZLT,NASDAQ
RZLV,NASDAQ
SABR,NASDAQ
SABS,NASDAQ
SAFT,NASDAQ
SAFX,NASDAQ
SAGT,NASDAQ
SAIA,NASDAQ
SAIC,NASDAQ
SAIH,NASDAQ
SAIL,NASDAQ
SAMG,NASDAQ
SANA,NASDAQ
SANG,NASDAQ
SANM,NASDAQ
SATL,NASDAQ
SATS,NASDAQ
SAVA,NASDAQ
SBAC,NASDAQ
SBC,NASDAQ
SBCF,NASDAQ
SBET,NASDAQ
SBFG,NASDAQ
SBFM,NASDAQ
SBGI,NASDAQ
SBLK,NASDAQ
SBLX,NASDAQ
SBRA,NASDAQ
SBUX,NASDAQ
SCAG,NASDAQ
SCHL,NASDAQ
SCKT,NASDAQ
SCLX,NASDAQ
SCNI,NASDAQ
SCNX,NASDAQ
SCOR,NASDAQ
SCPH,NASDAQ
SCSC,NASDAQ
SCVL,NASDAQ
SCWO,NASDAQ
SCYX,NASDAQ
SDA,NASDAQ
SDGR,NASDAQ
SDHI,NASDAQ
SDM,NASDAQ
SDOT,NASDAQ
SDST,NASDAQ
SEAT,NASDAQ
SEDG,NASDAQ
SEED,NASDAQ
SEER,NASDAQ
SEGG,NASDAQ
SEIC,NASDAQ
SELF,NASDAQ
SELX,NASDAQ
SEPN,NASDAQ
SERA,NASDAQ
SERV,NASDAQ
SEVN,NASDAQ
SEZL,NASDAQ
SFBC,NASDAQ
SFD,NASDAQ
SFHG,NASDAQ
SFIX,NASDAQ
SFM,NASDAQ
SFNC,NASDAQ
SFST,NASDAQ
SFWL,NASDAQ
SGA,NASDAQ
SGBX,NASDAQ
SGC,NASDAQ
SGD,NASDAQ
SGHT,NASDAQ
SGLY,NASDAQ
SGML,NASDAQ
SGMO,NASDAQ
SGMT,NASDAQ
SGRP,NASDAQ
SGRY,NASDAQ
SHBI,NASDAQ
SHC,NASDAQ
SHEN,NASDAQ
SHFS,NASDAQ
SHIM,NASDAQ
SHIP,NASDAQ
SHLS,NASDAQ
SHMD,NASDAQ
SHOO,NASDAQ
SHOP,NASDAQ
SHOT,NASDAQ
SHPH,NASDAQ
SIBN,NASDAQ
SIDU,NASDAQ
SIEB,NASDAQ
SIFY,NASDAQ
SIGA,NASDAQ
SIGI,NASDAQ
SILC,NASDAQ
SILO,NASDAQ
SIMA,NASDAQ
SIMO,NASDAQ
SINT,NASDAQ
SION,NASDAQ
SIRI,NASDAQ
SISI,NASDAQ
SITM,NASDAQ
SJ,NASDAQ
SKBL,NASDAQ
SKIN,NASDAQ
SKK,NASDAQ
SKWD,NASDAQ
SKYE,NASDAQ
SKYQ,NASDAQ
SKYT,NASDAQ
SKYW,NASDAQ
SKYX,NASDAQ
SLAB,NASDAQ
SLDB,NASDAQ
SLDE,NASDAQ
SLDP,NASDAQ
SLE,NASDAQ
SLGL,NASDAQ
SLM,NASDAQ
SLN,NASDAQ
SLNG,NASDAQ
SLNH,NASDAQ
SLNO,NASDAQ
SLP,NASDAQ
SLRC,NASDAQ
SLRX,NASDAQ
SLS,NASDAQ
SLSN,NASDAQ
SLXN,NASDAQ
SMBC,NASDAQ
SMCC,NASDAQ
SMCI,NASDAQ
SMID,NASDAQ
SMLR,NASDAQ
SMMT,NASDAQ
SMPL,NASDAQ
SMSI,NASDAQ
SMTC,NASDAQ
SMTI,NASDAQ
SMTK,NASDAQ
SMX,NASDAQ
SMXT,NASDAQ
SNAL,NASDAQ
SNBR,NASDAQ
SNCR,NASDAQ
SNCY,NASDAQ
SND,NASDAQ
SNDK,NASDAQ
SNDL,NASDAQ
SNDX,NASDAQ
SNES,NASDAQ
SNEX,NASDAQ
SNGX,NASDAQ
SNOA,NASDAQ
SNPS,NASDAQ
SNSE,NASDAQ
SNT,NASDAQ
SNTG,NASDAQ
SNTI,NASDAQ
SNWV,NASDAQ
SNY,NASDAQ
SNYR,NASDAQ
SOBR,NASDAQ
SOCA,NASDAQ
SOFI,NASDAQ
SOGP,NASDAQ
SOHO,NASDAQ
SOHU,NASDAQ
SOND,NASDAQ
SONM,NASDAQ
SONN,NASDAQ
SONO,NASDAQ
SOPA,NASDAQ
SOPH,NASDAQ
SORA,NASDAQ
SOTK,NASDAQ
SOUN,NASDAQ
SOWG,NASDAQ
SPAI,NASDAQ
SPCB,NASDAQ
SPEG,NASDAQ
SPFI,NASDAQ
SPHL,NASDAQ
SPKL,NASDAQ
SPNS,NASDAQ
SPOK,NASDAQ
SPPL,NASDAQ
SPRB,NASDAQ
SPRC,NASDAQ
SPRO,NASDAQ
SPRY,NASDAQ
SPSC,NASDAQ
SPT,NASDAQ
SPWH,NASDAQ
SPWR,NASDAQ
SQFT,NASDAQ
SRAD,NASDAQ
SRBK,NASDAQ
SRCE,NASDAQ
SRDX,NASDAQ
SRPT,NASDAQ
SRRK,NASDAQ
SRTA,NASDAQ
SRTS,NASDAQ
SRZN,NASDAQ
SSBI,NASDAQ
SSII,NASDAQ
SSKN,NASDAQ
SSM,NASDAQ
SSNC,NASDAQ
SSP,NASDAQ
SSRM,NASDAQ
SSSS,NASDAQ
SSTI,NASDAQ
SSYS,NASDAQ
STAA,NASDAQ
STAI,NASDAQ
STAK,NASDAQ
STBA,NASDAQ
STEC,NASDAQ
STEP,NASDAQ
STEX,NASDAQ
STFS,NASDAQ
STGW,NASDAQ
STHO,NASDAQ
STI,NASDAQ
STIM,NASDAQ
STKE,NASDAQ
STKH,NASDAQ
STKL,NASDAQ
STKS,NASDAQ
STLD,NASDAQ
STNE,NASDAQ
STOK,NASDAQ
STRA,NASDAQ
STRC,NASDAQ
STRD,NASDAQ
STRF,NASDAQ
STRK,NASDAQ
STRL,NASDAQ
STRO,NASDAQ
STRR,NASDAQ
STRS,NASDAQ
STRT,NASDAQ
STRZ,NASDAQ
STSS,NASDAQ
STTK,NASDAQ
STX,NASDAQ
SUGP,NASDAQ
SUIG,NASDAQ
SUNE,NASDAQ
SUNS,NASDAQ
SUPN,NASDAQ
SUPX,NASDAQ
SURG,NASDAQ
SUUN,NASDAQ
SVA,NASDAQ
SVAC,NASDAQ
SVC,NASDAQ
SVCC,NASDAQ
SVCO,NASDAQ
SVII,NASDAQ
SVRA,NASDAQ
SVRE,NASDAQ
SWAG,NASDAQ
SWBI,NASDAQ
SWIM,NASDAQ
SWIN,NASDAQ
SWKH,NASDAQ
SWKS,NASDAQ
SWVL,NASDAQ
SXTC,NASDAQ
SXTP,NASDAQ
SY,NASDAQ
SYBT,NASDAQ
SYBX,NASDAQ
SYM,NASDAQ
SYNA,NASDAQ
SYPR,NASDAQ
SYRE,NASDAQ
SYTA,NASDAQ
SZZL,NASDAQ
TACH,NASDAQ
TACO,NASDAQ
TACT,NASDAQ
TAIT,NASDAQ
TALK,NASDAQ
TANH,NASDAQ
TAOP,NASDAQ
TAOX,NASDAQ
TARA,NASDAQ
TARS,NASDAQ
TASK,NASDAQ
TATT,NASDAQ
TAVI,NASDAQ
TAXS,NASDAQ
TAXT,NASDAQ
TAYD,NASDAQ
TBBK,NASDAQ
TBCH,NASDAQ
TBH,NASDAQ
TBHC,NASDAQ
TBLA,NASDAQ
TBLD,NASDAQ
TBMC,NASDAQ
TBPH,NASDAQ
TBRG,NASDAQ
TC,NASDAQ
TCBI,NASDAQ
TCBK,NASDAQ
TCBS,NASDAQ
TCBX,NASDAQ
TCMD,NASDAQ
TCOM,NASDAQ
TCPC,NASDAQ
TCRT,NASDAQ
TCRX,NASDAQ
TCX,NASDAQ
TDAC,NASDAQ
TDIC,NASDAQ
TDTH,NASDAQ
TDUP,NASDAQ
TEAD,NASDAQ
TEAM,NASDAQ
TECH,NASDAQ
TECX,NASDAQ
TELA,NASDAQ
TELO,NASDAQ
TEM,NASDAQ
TENB,NASDAQ
TENX,NASDAQ
TER,NASDAQ
TERN,NASDAQ
TFSL,NASDAQ
TGHL,NASDAQ
TGL,NASDAQ
TGTX,NASDAQ
TH,NASDAQ
THAR,NASDAQ
THCH,NASDAQ
THFF,NASDAQ
THH,NASDAQ
THRM,NASDAQ
THRY,NASDAQ
TIGO,NASDAQ
TIGR,NASDAQ
TIL,NASDAQ
TILE,NASDAQ
TIPT,NASDAQ
TIRX,NASDAQ
TITN,NASDAQ
TIVC,NASDAQ
TKLF,NASDAQ
TKNO,NASDAQ
TLF,NASDAQ
TLIH,NASDAQ
TLN,NASDAQ
TLPH,NASDAQ
TLRY,NASDAQ
TLS,NASDAQ
TLSA,NASDAQ
TLSI,NASDAQ
TLX,NASDAQ
TMC,NASDAQ
TMCI,NASDAQ
TMDX,NASDAQ
TMUS,NASDAQ
TNDM,NASDAQ
TNGX,NASDAQ
TNMG,NASDAQ
TNON,NASDAQ
TNXP,NASDAQ
TNYA,NASDAQ
TOI,NASDAQ
TOMZ,NASDAQ
TONX,NASDAQ
TOP,NASDAQ
TORO,NASDAQ
TOUR,NASDAQ
TOWN,NASDAQ
TOYO,NASDAQ
TPCS,NASDAQ
TPG,NASDAQ
TPST,NASDAQ
TRAW,NASDAQ
TRDA,NASDAQ
TREE,NASDAQ
TRI,NASDAQ
TRIB,NASDAQ
TRIN,NASDAQ
TRIP,NASDAQ
TRMB,NASDAQ
TRMD,NASDAQ
TRMK,NASDAQ
TRML,NASDAQ
TRNR,NASDAQ
TRNS,NASDAQ
TRON,NASDAQ
TROO,NASDAQ
TROW,NASDAQ
TRS,NASDAQ
TRSG,NASDAQ
TRST,NASDAQ
TRUE,NASDAQ
TRUG,NASDAQ
TRUP,NASDAQ
TRVG,NASDAQ
TRVI,NASDAQ
TSAT,NASDAQ
TSBK,NASDAQ
TSCO,NASDAQ
TSEM,NASDAQ
TSHA,NASDAQ
TSLA,NASDAQ
TSSI,NASDAQ
TTAN,NASDAQ
TTD,NASDAQ
TTEC,NASDAQ
TTEK,NASDAQ
TTGT,NASDAQ
TTMI,NASDAQ
TTNP,NASDAQ
TTSH,NASDAQ
TTWO,NASDAQ
TURB,NASDAQ
TUSK,NASDAQ
TVA,NASDAQ
TVAI,NASDAQ
TVGN,NASDAQ
TVRD,NASDAQ
TVTX,NASDAQ
TW,NASDAQ
TWFG,NASDAQ
TWG,NASDAQ
TWIN,NASDAQ
TWNP,NASDAQ
TWST,NASDAQ
TXG,NASDAQ
TXMD,NASDAQ
TXN,NASDAQ
TXRH,NASDAQ
TYGO,NASDAQ
TYRA,NASDAQ
TZOO,NASDAQ
TZUP,NASDAQ
UAL,NASDAQ
UBCP,NASDAQ
UBFO,NASDAQ
UBSI,NASDAQ
UBXG,NASDAQ
UCAR,NASDAQ
UCL,NASDAQ
UCTT,NASDAQ
UDMY,NASDAQ
UEIC,NASDAQ
UFCS,NASDAQ
UFG,NASDAQ
UFPI,NASDAQ
UFPT,NASDAQ
UG,NASDAQ
UGRO,NASDAQ
UHG,NASDAQ
UK,NASDAQ
ULBI,NASDAQ
ULCC,NASDAQ
ULH,NASDAQ
ULTA,NASDAQ
ULY,NASDAQ
UMBF,NASDAQ
UNB,NASDAQ
UNCY,NASDAQ
UNHG,NASDAQ
UNIT,NASDAQ
UNTY,NASDAQ
UOKA,NASDAQ
UONE,NASDAQ
UPB,NASDAQ
UPBD,NASDAQ
UPC,NASDAQ
UPLD,NASDAQ
UPST,NASDAQ
UPWK,NASDAQ
UPXI,NASDAQ
URBN,NASDAQ
URGN,NASDAQ
UROY,NASDAQ
USAR,NASDAQ
USAU,NASDAQ
USCB,NASDAQ
USEA,NASDAQ
USEG,NASDAQ
USGO,NASDAQ
USIO,NASDAQ
USLM,NASDAQ
UTHR,NASDAQ
UTMD,NASDAQ
UTSI,NASDAQ
UVSP,NASDAQ
UXIN,NASDAQ
UYSC,NASDAQ
VABK,NASDAQ
VACH,NASDAQ
VALN,NASDAQ
VALU,NASDAQ
VANI,NASDAQ
VBIX,NASDAQ
VBNK,NASDAQ
VBTX,NASDAQ
VC,NASDAQ
VCEL,NASDAQ
VCIC,NASDAQ
VCIG,NASDAQ
VCTR,NASDAQ
VCYT,NASDAQ
VECO,NASDAQ
VEEA,NASDAQ
VEEE,NASDAQ
VELO,NASDAQ
VEON,NASDAQ
VERA,NASDAQ
VERI,NASDAQ
VERO,NASDAQ
VERU,NASDAQ
VERX,NASDAQ
VFF,NASDAQ
VFS,NASDAQ
VGAS,NASDAQ
VHC,NASDAQ
VIAV,NASDAQ
VICR,NASDAQ
VINP,NASDAQ
VIOT,NASDAQ
VIR,NASDAQ
VIRC,NASDAQ
VITL,NASDAQ
VIVK,NASDAQ
VIVS,NASDAQ
VKTX,NASDAQ
VLY,NASDAQ
VMAR,NASDAQ
VMD,NASDAQ
VMEO,NASDAQ
VNDA,NASDAQ
VNET,NASDAQ
VNME,NASDAQ
VNOM,NASDAQ
VOD,NASDAQ
VOR,NASDAQ
VOXR,NASDAQ
VRA,NASDAQ
VRAR,NASDAQ
VRAX,NASDAQ
VRCA,NASDAQ
VRDN,NASDAQ
VREX,NASDAQ
VRM,NASDAQ
VRME,NASDAQ
VRNA,NASDAQ
VRNS,NASDAQ
VRNT,NASDAQ
VRRM,NASDAQ
VRSK,NASDAQ
VRSN,NASDAQ
VRTX,NASDAQ
VS,NASDAQ
VSA,NASDAQ
VSAT,NASDAQ
VSEC,NASDAQ
VSEE,NASDAQ
VSME,NASDAQ
VSTA,NASDAQ
VSTD,NASDAQ
VSTM,NASDAQ
VTGN,NASDAQ
VTRS,NASDAQ
VTSI,NASDAQ
VTVT,NASDAQ
VTYX,NASDAQ
VUZI,NASDAQ
VVOS,NASDAQ
VVPR,NASDAQ
VWAV,NASDAQ
VYGR,NASDAQ
VYNE,NASDAQ
WABC,NASDAQ
WAFD,NASDAQ
WAFU,NASDAQ
WAI,NASDAQ
WALD,NASDAQ
WASH,NASDAQ
WATT,NASDAQ
WAVE,NASDAQ
WAY,NASDAQ
WB,NASDAQ
WBD,NASDAQ
WBTN,NASDAQ
WBUY,NASDAQ
WCT,NASDAQ
WDAY,NASDAQ
WDC,NASDAQ
WDFC,NASDAQ
WEN,NASDAQ
WENN,NASDAQ
WERN,NASDAQ
WEST,NASDAQ
WETH,NASDAQ
WETO,NASDAQ
WEYS,NASDAQ
WFCF,NASDAQ
WFF,NASDAQ
WFRD,NASDAQ
WGRX,NASDAQ
WGS,NASDAQ
WHF,NASDAQ
WHLR,NASDAQ
WHWK,NASDAQ
WILC,NASDAQ
WIMI,NASDAQ
WINA,NASDAQ
WING,NASDAQ
WIX,NASDAQ
WKEY,NASDAQ
WKHS,NASDAQ
WKSP,NASDAQ
WLAC,NASDAQ
WLDN,NASDAQ
WLDS,NASDAQ
WLFC,NASDAQ
WMG,NASDAQ
WNEB,NASDAQ
WNW,NASDAQ
WOK,NASDAQ
WOOF,NASDAQ
WORX,NASDAQ
WPRT,NASDAQ
WRAP,NASDAQ
WRD,NASDAQ
WRLD,NASDAQ
WSBC,NASDAQ
WSBF,NASDAQ
WSBK,NASDAQ
WSC,NASDAQ
WSFS,NASDAQ
WTBA,NASDAQ
WTF,NASDAQ
WTFC,NASDAQ
WTG,NASDAQ
WTO,NASDAQ
WTW,NASDAQ
WULF,NASDAQ
WVE,NASDAQ
WVVI,NASDAQ
WW,NASDAQ
WWD,NASDAQ
WXM,NASDAQ
WYFI,NASDAQ
WYHG,NASDAQ
WYNN,NASDAQ
XAIR,NASDAQ
XBIO,NASDAQ
XBIT,NASDAQ
XBP,NASDAQ
XCH,NASDAQ
XCUR,NASDAQ
XEL,NASDAQ
XELB,NASDAQ
XENE,NASDAQ
XERS,NASDAQ
XFOR,NASDAQ
XGN,NASDAQ
XHG,NASDAQ
XHLD,NASDAQ
XLO,NASDAQ
XMTR,NASDAQ
XNCR,NASDAQ
XNET,NASDAQ
XOMA,NASDAQ
XOS,NASDAQ
XP,NASDAQ
XPEL,NASDAQ
XPON,NASDAQ
XRAY,NASDAQ
XRTX,NASDAQ
XRX,NASDAQ
XTIA,NASDAQ
XTKG,NASDAQ
XTLB,NASDAQ
XWEL,NASDAQ
XXII,NASDAQ
YAAS,NASDAQ
YB,NASDAQ
YDES,NASDAQ
YDKG,NASDAQ
YGMZ,NASDAQ
YHC,NASDAQ
YHGJ,NASDAQ
YHNA,NASDAQ
YI,NASDAQ
YIBO,NASDAQ
YJ,NASDAQ
YMAT,NASDAQ
YMT,NASDAQ
YORW,NASDAQ
YOUL,NASDAQ
YQ,NASDAQ
YSXT,NASDAQ
YTRA,NASDAQ
YXT,NASDAQ
YYAI,NASDAQ
YYGH,NASDAQ
Z,NASDAQ
ZBAI,NASDAQ
ZBAO,NASDAQ
ZBIO,NASDAQ
ZBRA,NASDAQ
ZCMD,NASDAQ
ZD,NASDAQ
ZDAI,NASDAQ
ZENA,NASDAQ
ZENV,NASDAQ
ZEO,NASDAQ
ZEUS,NASDAQ
ZG,NASDAQ
ZGM,NASDAQ
ZIMV,NASDAQ
ZION,NASDAQ
ZJK,NASDAQ
ZJYL,NASDAQ
ZKIN,NASDAQ
ZLAB,NASDAQ
ZM,NASDAQ
ZNB,NASDAQ
ZNTL,NASDAQ
ZOOZ,NASDAQ
ZS,NASDAQ
ZSPC,NASDAQ
ZTEK,NASDAQ
ZUMZ,NASDAQ
ZURA,NASDAQ
ZVRA,NASDAQ
ZYBT,NASDAQ
ZYME,NASDAQ
ZYXI,NASDAQ
A,NYSE
AA,NYSE
AAM,NYSE
AAMI,NYSE
AAP,NYSE
AAT,NYSE
AAUC,NYSE
AB,NYSE
ABBV,NYSE
ABCB,NYSE
ABEV,NYSE
ABG,NYSE
ABM,NYSE
ABR,NYSE
ABT,NYSE
ACA,NYSE
ACCO,NYSE
ACEL,NYSE
ACHR,NYSE
ACI,NYSE
ACM,NYSE
ACN,NYSE
ACP,NYSE
ACR,NYSE
ACRE,NYSE
ACV,NYSE
ACVA,NYSE
AD,NYSE
ADC,NYSE
ADCT,NYSE
ADM,NYSE
ADNT,NYSE
ADT,NYSE
AEE,NYSE
AEG,NYSE
AEM,NYSE
AEO,NYSE
AER,NYSE
AES,NYSE
AESI,NYSE
AEXA,NYSE
AFB,NYSE
AFG,NYSE
AFGB,NYSE
AFGC,NYSE
AFGD,NYSE
AFGE,NYSE
AFL,NYSE
AG,NYSE
AGCO,NYSE
AGD,NYSE
AGI,NYSE
AGL,NYSE
AGM,NYSE
AGO,NYSE
AGRO,NYSE
AGX,NYSE
AHH,NYSE
AHL,NYSE
AHR,NYSE
AHT,NYSE
AI,NYSE
AIG,NYSE
AII,NYSE
AIN,NYSE
AIO,NYSE
AIR,NYSE
AIT,NYSE
AIV,NYSE
AIZ,NYSE
AIZN,NYSE
AJG,NYSE
AKA,NYSE
AKR,NYSE
AL,NYSE
ALB,NYSE
ALC,NYSE
ALE,NYSE
ALEX,NYSE
ALG,NYSE
ALH,NYSE
ALIT,NYSE
ALK,NYSE
ALL,NYSE
ALLE,NYSE
ALLY,NYSE
ALSN,NYSE
ALTG,NYSE
ALUR,NYSE
ALV,NYSE
ALX,NYSE
AM,NYSE
AMBC,NYSE
AMBP,NYSE
AMBQ,NYSE
AMC,NYSE
AMCR,NYSE
AME,NYSE
AMG,NYSE
AMH,NYSE
AMN,NYSE
AMP,NYSE
AMPX,NYSE
AMPY,NYSE
AMR,NYSE
AMRC,NYSE
AMRZ,NYSE
AMT,NYSE
AMTB,NYSE
AMTD,NYSE
AMTM,NYSE
AMWL,NYSE
AMX,NYSE
AN,NYSE
ANET,NYSE
ANF,NYSE
ANGX,NYSE
ANRO,NYSE
ANVS,NYSE
AOD,NYSE
AOMD,NYSE
AOMN,NYSE
AOMR,NYSE
AON,NYSE
AORT,NYSE
AOS,NYSE
AP,NYSE
APAM,NYSE
APD,NYSE
APG,NYSE
APH,NYSE
APLE,NYSE
APO,NYSE
APOS,NYSE
APTV,NYSE
AQN,NYSE
AQNB,NYSE
AR,NYSE
ARCO,NYSE
ARDC,NYSE
ARDT,NYSE
ARE,NYSE
ARES,NYSE
ARI,NYSE
ARIS,NYSE
ARL,NYSE
ARLO,NYSE
ARMK,NYSE
AROC,NYSE
ARR,NYSE
ARW,NYSE
ARX,NYSE
AS,NYSE
ASA,NYSE
ASAN,NYSE
ASB,NYSE
ASBA,NYSE
ASC,NYSE
ASGI,NYSE
ASGN,NYSE
ASH,NYSE
ASIC,NYSE
ASIX,NYSE
ASPN,NYSE
ASR,NYSE
ASX,NYSE
ATEN,NYSE
ATGE,NYSE
ATHM,NYSE
ATHS,NYSE
ATI,NYSE
ATKR,NYSE
ATMU,NYSE
ATO,NYSE
ATR,NYSE
ATS,NYSE
ATUS,NYSE
AU,NYSE
AUB,NYSE
AUNA,NYSE
AVA,NYSE
AVAL,NYSE
AVB,NYSE
AVBC,NYSE
AVD,NYSE
AVK,NYSE
AVNS,NYSE
AVNT,NYSE
AVTR,NYSE
AVY,NYSE
AWF,NYSE
AWI,NYSE
AWK,NYSE
AWP,NYSE
AWR,NYSE
AX,NYSE
AXL,NYSE
AXP,NYSE
AXR,NYSE
AXS,NYSE
AXTA,NYSE
AYI,NYSE
AZO,NYSE
AZZ,NYSE
B,NYSE
BA,NYSE
BABA,NYSE
BAC,NYSE
BAH,NYSE
BAK,NYSE
BALL,NYSE
BALY,NYSE
BAM,NYSE
BANC,NYSE
BAP,NYSE
BARK,NYSE
BAX,NYSE
BB,NYSE
BBAI,NYSE
BBAR,NYSE
BBBY,NYSE
BBD,NYSE
BBDC,NYSE
BBDO,NYSE
BBN,NYSE
BBT,NYSE
BBU,NYSE
BBUC,NYSE
BBVA,NYSE
BBW,NYSE
BBWI,NYSE
BBY,NYSE
BC,NYSE
BCAT,NYSE
BCC,NYSE
BCE,NYSE
BCH,NYSE
BCO,NYSE
BCS,NYSE
BCSF,NYSE
BCX,NYSE
BDC,NYSE
BDJ,NYSE
BDN,NYSE
BDX,NYSE
BE,NYSE
BEDU,NYSE
BEKE,NYSE
BEN,NYSE
BEP,NYSE
BEPC,NYSE
BEPH,NYSE
BEPI,NYSE
BEPJ,NYSE
BFAM,NYSE
BFH,NYSE
BFK,NYSE
BFLY,NYSE
BFS,NYSE
BFZ,NYSE
BG,NYSE
BGB,NYSE
BGH,NYSE
BGR,NYSE
BGS,NYSE
BGSF,NYSE
BGT,NYSE
BGX,NYSE
BGY,NYSE
BH,NYSE
BHC,NYSE
BHE,NYSE
BHK,NYSE
BHP,NYSE
BHR,NYSE
BHV,NYSE
BHVN,NYSE
BILL,NYSE
BIO,NYSE
BIP,NYSE
BIPC,NYSE
BIPH,NYSE
BIPI,NYSE
BIPJ,NYSE
BIRK,NYSE
BIT,NYSE
BJ,NYSE
BK,NYSE
BKD,NYSE
BKE,NYSE
BKH,NYSE
BKKT,NYSE
BKN,NYSE
BKSY,NYSE
BKT,NYSE
BKU,NYSE
BKV,NYSE
BLCO,NYSE
BLD,NYSE
BLDR,NYSE
BLE,NYSE
BLK,NYSE
BLND,NYSE
BLSH,NYSE
BLW,NYSE
BLX,NYSE
BMA,NYSE
BME,NYSE
BMEZ,NYSE
BMI,NYSE
BMN,NYSE
BMO,NYSE
BMY,NYSE
BN,NYSE
BNED,NYSE
BNH,NYSE
BNJ,NYSE
BNL,NYSE
BNS,NYSE
BNT,NYSE
BNY,NYSE
BOC,NYSE
BOE,NYSE
BOH,NYSE
BOOT,NYSE
BORR,NYSE
BOW,NYSE
BOX,NYSE
BP,NYSE
BR,NYSE
BRBR,NYSE
BRC,NYSE
BRCC,NYSE
BRO,NYSE
BROS,NYSE
BRSL,NYSE
BRSP,NYSE
BRT,NYSE
BRW,NYSE
BRX,NYSE
BSAC,NYSE
BSBR,NYSE
BSL,NYSE
BSM,NYSE
BST,NYSE
BSTZ,NYSE
BSX,NYSE
BTA,NYSE
BTCM,NYSE
BTE,NYSE
BTI,NYSE
BTO,NYSE
BTT,NYSE
BTU,NYSE
BTX,NYSE
BTZ,NYSE
BUD,NYSE
BUI,NYSE
BUR,NYSE
BURL,NYSE
BV,NYSE
BVN,NYSE
BW,NYSE
BWA,NYSE
BWG,NYSE
BWLP,NYSE
BWMX,NYSE
BWNB,NYSE
BWSN,NYSE
BWXT,NYSE
BX,NYSE
BXC,NYSE
BXMT,NYSE
BXMX,NYSE
BXP,NYSE
BY,NYSE
BYD,NYSE
BYM,NYSE
BZH,NYSE
C,NYSE
CAAP,NYSE
CABO,NYSE
CACI,NYSE
CADE,NYSE
CAE,NYSE
CAF,NYSE
CAG,NYSE
CAH,NYSE
CAL,NYSE
CALX,NYSE
CANG,NYSE
CAPL,NYSE
CARR,NYSE
CARS,NYSE
CAT,NYSE
CATO,NYSE
CAVA,NYSE
CB,NYSE
CBAN,NYSE
CBL,NYSE
CBNA,NYSE
CBRE,NYSE
CBT,NYSE
CBU,NYSE
CBZ,NYSE
CC,NYSE
CCI,NYSE
CCJ,NYSE
CCK,NYSE
CCL,NYSE
CCM,NYSE
CCO,NYSE
CCRD,NYSE
CCS,NYSE
CCU,NYSE
CCZ,NYSE
CDE,NYSE
CDLR,NYSE
CDP,NYSE
CDRE,NYSE
CE,NYSE
CEE,NYSE
CEPU,NYSE
CF,NYSE
CFG,NYSE
CFR,NYSE
CGAU,NYSE
CHCT,NYSE
CHD,NYSE
CHE,NYSE
CHGG,NYSE
CHH,NYSE
CHMI,NYSE
CHPT,NYSE
CHT,NYSE
CHWY,NYSE
CI,NYSE
CIA,NYSE
CIB,NYSE
CICB,NYSE
CIEN,NYSE
CIF,NYSE
CIG,NYSE
CII,NYSE
CIM,NYSE
CIMN,NYSE
CIMO,NYSE
CIMP,NYSE
CINT,NYSE
CIO,NYSE
CION,NYSE
CIVI,NYSE
CL,NYSE
CLB,NYSE
CLCO,NYSE
CLDT,NYSE
CLF,NYSE
CLH,NYSE
CLPR,NYSE
CLS,NYSE
CLVT,NYSE
CLW,NYSE
CLX,NYSE
CM,NYSE
CMA,NYSE
CMBT,NYSE
CMC,NYSE
CMCM,NYSE
CMDB,NYSE
CMG,NYSE
CMI,NYSE
CMP,NYSE
CMPO,NYSE
CMRE,NYSE
CMS,NYSE
CMSA,NYSE
CMSC,NYSE
CMSD,NYSE
CMTG,NYSE
CMU,NYSE
CNA,NYSE
CNC,NYSE
CNF,NYSE
CNH,NYSE
CNI,NYSE
CNK,NYSE
CNM,NYSE
CNMD,NYSE
CNNE,NYSE
CNO,NYSE
CNP,NYSE
CNQ,NYSE
CNR,NYSE
CNS,NYSE
CNX,NYSE
CODI,NYSE
COF,NYSE
COHR,NYSE
COLD,NYSE
COMP,NYSE
CON,NYSE
COOK,NYSE
COP,NYSE
COPL,NYSE
COR,NYSE
COSO,NYSE
COTY,NYSE
COUR,NYSE
CP,NYSE
CPA,NYSE
CPAC,NYSE
CPAY,NYSE
CPF,NYSE
CPK,NYSE
CPNG,NYSE
CPRI,NYSE
CPS,NYSE
CPT,NYSE
CQP,NYSE
CR,NYSE
CRBD,NYSE
CRBG,NYSE
CRC,NYSE
CRCL,NYSE
CRGY,NYSE
CRH,NYSE
CRI,NYSE
CRK,NYSE
CRL,NYSE
CRM,NYSE
CRS,NYSE
CRT,NYSE
CSAN,NYSE
CSL,NYSE
CSR,NYSE
CSTM,NYSE
CSV,NYSE
CSW,NYSE
CTEV,NYSE
CTO,NYSE
CTOS,NYSE
CTRA,NYSE
CTRE,NYSE
CTRI,NYSE
CTS,NYSE
CTVA,NYSE
CUBB,NYSE
CUBE,NYSE
CUBI,NYSE
CUK,NYSE
CULP,NYSE
CURB,NYSE
CURV,NYSE
CUZ,NYSE
CVE,NYSE
CVEO,NYSE
CVI,NYSE
CVLG,NYSE
CVNA,NYSE
CVS,NYSE
CVX,NYSE
CW,NYSE
CWAN,NYSE
CWEN,NYSE
CWH,NYSE
CWK,NYSE
CWT,NYSE
CX,NYSE
CXE,NYSE
CXH,NYSE
CXM,NYSE
CXT,NYSE
CXW,NYSE
CYD,NYSE
CYH,NYSE
D,NYSE
DAC,NYSE
DAL,NYSE
DAN,NYSE
DAO,NYSE
DAR,NYSE
DAVA,NYSE
DAY,NYSE
DB,NYSE
DBD,NYSE
DBI,NYSE
DBL,NYSE
DBRG,NYSE
DCI,NYSE
DCO,NYSE
DD,NYSE
DDD,NYSE
DDL,NYSE
DDS,NYSE
DDT,NYSE
DE,NYSE
DEA,NYSE
DEC,NYSE
DECK,NYSE
DEI,NYSE
DELL,NYSE
DEO,NYSE
DFH,NYSE
DFIN,NYSE
DFP,NYSE
DG,NYSE
DGX,NYSE
DHF,NYSE
DHI,NYSE
DHR,NYSE
DHT,NYSE
DHX,NYSE
DIAX,NYSE
DIN,NYSE
DINO,NYSE
DIS,NYSE
DK,NYSE
DKL,NYSE
DKS,NYSE
DLB,NYSE
DLNG,NYSE
DLR,NYSE
DLX,NYSE
DLY,NYSE
DMB,NYSE
DMO,NYSE
DNA,NYSE
DNOW,NYSE
DOC,NYSE
DOCN,NYSE
DOCS,NYSE
DOLE,NYSE
DOUG,NYSE
DOV,NYSE
DOW,NYSE
DPG,NYSE
DQ,NYSE
DRD,NYSE
DRH,NYSE
DRI,NYSE
DSL,NYSE
DSM,NYSE
DSX,NYSE
DT,NYSE
DTB,NYSE
DTE,NYSE
DTF,NYSE
DTG,NYSE
DTK,NYSE
DTM,NYSE
DTW,NYSE
DUK,NYSE
DUKB,NYSE
DV,NYSE
DVA,NYSE
DVN,NYSE
DX,NYSE
DXC,NYSE
DXYZ,NYSE
DY,NYSE
E,NYSE
EAF,NYSE
EAI,NYSE
EARN,NYSE
EAT,NYSE
EB,NYSE
EBF,NYSE
EBR,NYSE
EBS,NYSE
EC,NYSE
ECAT,NYSE
ECC,NYSE
ECCC,NYSE
ECCF,NYSE
ECCU,NYSE
ECCV,NYSE
ECCW,NYSE
ECCX,NYSE
ECG,NYSE
ECL,NYSE
ECO,NYSE
ECVT,NYSE
ED,NYSE
EDD,NYSE
EDF,NYSE
EDN,NYSE
EDU,NYSE
EE,NYSE
EEX,NYSE
EFC,NYSE
EFR,NYSE
EFT,NYSE
EFX,NYSE
EFXT,NYSE
EG,NYSE
EGO,NYSE
EGP,NYSE
EGY,NYSE
EHAB,NYSE
EHC,NYSE
EHI,NYSE
EIC,NYSE
EICA,NYSE
EICB,NYSE
EICC,NYSE
EIG,NYSE
EIIA,NYSE
EIX,NYSE
EL,NYSE
ELAN,NYSE
ELC,NYSE
ELF,NYSE
ELME,NYSE
ELP,NYSE
ELPC,NYSE
ELS,NYSE
ELV,NYSE
EMA,NYSE
EMD,NYSE
EME,NYSE
EMN,NYSE
EMO,NYSE
EMP,NYSE
EMR,NYSE
ENB,NYSE
ENFY,NYSE
ENIC,NYSE
ENJ,NYSE
ENO,NYSE
ENOV,NYSE
ENR,NYSE
ENS,NYSE
ENVA,NYSE
EOD,NYSE
EOG,NYSE
EOI,NYSE
EOS,NYSE
EOT,NYSE
EPAC,NYSE
EPAM,NYSE
EPC,NYSE
EPD,NYSE
EPR,NYSE
EPRT,NYSE
EQBK,NYSE
EQH,NYSE
EQNR,NYSE
EQR,NYSE
EQS,NYSE
EQT,NYSE
EQV,NYSE
ERJ,NYSE
ERO,NYSE
ES,NYSE
ESAB,NYSE
ESE,NYSE
ESI,NYSE
ESNT,NYSE
ESRT,NYSE
ESS,NYSE
ESTC,NYSE
ET,NYSE
ETB,NYSE
ETD,NYSE
ETG,NYSE
ETJ,NYSE
ETN,NYSE
ETO,NYSE
ETR,NYSE
ETV,NYSE
ETW,NYSE
ETX,NYSE
ETY,NYSE
EVAC,NYSE
EVC,NYSE
EVEX,NYSE
EVF,NYSE
EVG,NYSE
EVH,NYSE
EVN,NYSE
EVR,NYSE
EVT,NYSE
EVTC,NYSE
EVTL,NYSE
EW,NYSE
EXG,NYSE
EXK,NYSE
EXP,NYSE
EXPD,NYSE
EXR,NYSE
F,NYSE
FAF,NYSE
FBIN,NYSE
FBK,NYSE
FBP,NYSE
FBRT,NYSE
FC,NYSE
FCF,NYSE
FCN,NYSE
FCPT,NYSE
FCRX,NYSE
FCT,NYSE
FCX,NYSE
FDP,NYSE
FDS,NYSE
FDX,NYSE
FE,NYSE
FEDU,NYSE
FENG,NYSE
FERG,NYSE
FET,NYSE
FF,NYSE
FFA,NYSE
FFC,NYSE
FFWM,NYSE
FG,NYSE
FGN,NYSE
FGSN,NYSE
FHI,NYSE
FHN,NYSE
FI,NYSE
FICO,NYSE
FIG,NYSE
FIGS,NYSE
FIHL,NYSE
FINS,NYSE
FINV,NYSE
FIS,NYSE
FIX,NYSE
FLC,NYSE
FLG,NYSE
FLNG,NYSE
FLO,NYSE
FLOC,NYSE
FLR,NYSE
FLS,NYSE
FLUT,NYSE
FMC,NYSE
FMN,NYSE
FMS,NYSE
FMX,NYSE
FN,NYSE
FNB,NYSE
FND,NYSE
FNF,NYSE
FNV,NYSE
FOA,NYSE
FOF,NYSE
FOR,NYSE
FOUR,NYSE
FPF,NYSE
FPH,NYSE
FPI,NYSE
FR,NYSE
FRA,NYSE
FRGE,NYSE
FRO,NYSE
FRT,NYSE
FSCO,NYSE
FSK,NYSE
FSLY,NYSE
FSM,NYSE
FSS,NYSE
FT,NYSE
FTI,NYSE
FTK,NYSE
FTS,NYSE
FTV,NYSE
FUBO,NYSE
FUL,NYSE
FUN,NYSE
FVR,NYSE
FVRR,NYSE
G,NYSE
GAB,NYSE
GAM,NYSE
GAP,NYSE
GATX,NYSE
GBAB,NYSE
GBCI,NYSE
GBLI,NYSE
GBTG,NYSE
GBX,NYSE
GCI,NYSE
GCO,NYSE
GCTS,NYSE
GCV,NYSE
GD,NYSE
GDDY,NYSE
GDO,NYSE
GDOT,NYSE
GDV,NYSE
GE,NYSE
GEF,NYSE
GEL,NYSE
GENI,NYSE
GEO,NYSE
GES,NYSE
GETY,NYSE
GEV,NYSE
GFF,NYSE
GFI,NYSE
GFL,NYSE
GFR,NYSE
GGB,NYSE
GGG,NYSE
GGT,NYSE
GGZ,NYSE
GHC,NYSE
GHG,NYSE
GHI,NYSE
GHLD,NYSE
GHM,NYSE
GHY,NYSE
GIB,NYSE
GIC,NYSE
GIL,NYSE
GIS,NYSE
GJH,NYSE
GJO,NYSE
GJP,NYSE
GJR,NYSE
GJS,NYSE
GJT,NYSE
GKOS,NYSE
GL,NYSE
GLOB,NYSE
GLP,NYSE
GLW,NYSE
GM,NYSE
GME,NYSE
GMED,NYSE
GMRE,NYSE
GNE,NYSE
GNK,NYSE
GNL,NYSE
GNRC,NYSE
GNT,NYSE
GNW,NYSE
GOF,NYSE
GOLF,NYSE
GOOS,NYSE
GOTU,NYSE
GPC,NYSE
GPI,NYSE
GPJA,NYSE
GPK,NYSE
GPMT,NYSE
GPN,NYSE
GPOR,NYSE
GPRK,NYSE
GRBK,NYSE
GRC,NYSE
GRDN,NYSE
GRMN,NYSE
GRND,NYSE
GRNT,NYSE
GROV,NYSE
GRX,NYSE
GS,NYSE
GSBD,NYSE
GSK,NYSE
GSL,NYSE
GTES,NYSE
GTLS,NYSE
GTN,NYSE
GTY,NYSE
GUT,NYSE
GVA,NYSE
GWH,NYSE
GWRE,NYSE
GWW,NYSE
GXO,NYSE
H,NYSE
HAE,NYSE
HAFN,NYSE
HAL,NYSE
HASI,NYSE
HAYW,NYSE
HBB,NYSE
HBI,NYSE
HBM,NYSE
HCA,NYSE
HCC,NYSE
HCI,NYSE
HCXY,NYSE
HD,NYSE
HDB,NYSE
HE,NYSE
HEI,NYSE
HEQ,NYSE
HESM,NYSE
HFRO,NYSE
HG,NYSE
HGTY,NYSE
HGV,NYSE
HHH,NYSE
HI,NYSE
HIG,NYSE
HII,NYSE
HIMS,NYSE
HIO,NYSE
HIPO,NYSE
HIW,NYSE
HKD,NYSE
HL,NYSE
HLF,NYSE
HLI,NYSE
HLIO,NYSE
HLLY,NYSE
HLN,NYSE
HLT,NYSE
HLX,NYSE
HMC,NYSE
HMN,NYSE
HMY,NYSE
HNGE,NYSE
HNI,NYSE
HOG,NYSE
HOMB,NYSE
HOUS,NYSE
HOV,NYSE
HP,NYSE
HPE,NYSE
HPI,NYSE
HPP,NYSE
HPQ,NYSE
HPS,NYSE
HQH,NYSE
HQL,NYSE
HR,NYSE
HRB,NYSE
HRI,NYSE
HRL,NYSE
HRTG,NYSE
HSBC,NYSE
HSHP,NYSE
HSY,NYSE
HTB,NYSE
HTD,NYSE
HTFB,NYSE
HTFC,NYSE
HTGC,NYSE
HTH,NYSE
HUBB,NYSE
HUBS,NYSE
HUM,NYSE
HUN,NYSE
HUYA,NYSE
HVT,NYSE
HWM,NYSE
HXL,NYSE
HY,NYSE
HYAC,NYSE
HYI,NYSE
HYT,NYSE
HZO,NYSE
IAE,NYSE
IAG,NYSE
IBM,NYSE
IBN,NYSE
IBP,NYSE
IBTA,NYSE
ICE,NYSE
ICL,NYSE
IDA,NYSE
IDE,NYSE
IDT,NYSE
IEX,NYSE
IFF,NYSE
IFS,NYSE
IGA,NYSE
IGD,NYSE
IGI,NYSE
IGR,NYSE
IH,NYSE
IHD,NYSE
IHG,NYSE
IHS,NYSE
IIF,NYSE
IIIN,NYSE
IIM,NYSE
IIPR,NYSE
IMAX,NYSE
INFA,NYSE
INFY,NYSE
ING,NYSE
INGM,NYSE
INGR,NYSE
INN,NYSE
INR,NYSE
INSP,NYSE
INSW,NYSE
INVH,NYSE
INVX,NYSE
IONQ,NYSE
IOT,NYSE
IP,NYSE
IPB,NYSE
IPG,NYSE
IPI,NYSE
IQI,NYSE
IQV,NYSE
IR,NYSE
IRM,NYSE
IRS,NYSE
IRT,NYSE
ISD,NYSE
IT,NYSE
ITGR,NYSE
ITT,NYSE
ITUB,NYSE
ITW,NYSE
IVR,NYSE
IVT,NYSE
IVZ,NYSE
IX,NYSE
J,NYSE
JACS,NYSE
JBGS,NYSE
JBI,NYSE
JBK,NYSE
JBL,NYSE
JBS,NYSE
JBTM,NYSE
JCI,NYSE
JEF,NYSE
JELD,NYSE
JENA,NYSE
JFR,NYSE
JHG,NYSE
JHI,NYSE
JHS,NYSE
JHX,NYSE
JILL,NYSE
JKS,NYSE
JLL,NYSE
JLS,NYSE
JMIA,NYSE
JNJ,NYSE
JOBY,NYSE
JOE,NYSE
JOF,NYSE
JPC,NYSE
JPM,NYSE
JQC,NYSE
JRI,NYSE
JXN,NYSE
K,NYSE
KAI,NYSE
KAR,NYSE
KB,NYSE
KBDC,NYSE
KBH,NYSE
KBR,NYSE
KD,NYSE
KEN,NYSE
KEP,NYSE
KEX,NYSE
KEY,NYSE
KEYS,NYSE
KFRC,NYSE
KFS,NYSE
KFY,NYSE
KGC,NYSE
KGS,NYSE
KIM,NYSE
KKR,NYSE
KKRS,NYSE
KKRT,NYSE
KLAR,NYSE
KLC,NYSE
KMI,NYSE
KMPB,NYSE
KMPR,NYSE
KMT,NYSE
KMX,NYSE
KN,NYSE
KNF,NYSE
KNOP,NYSE
KNSL,NYSE
KNTK,NYSE
KNX,NYSE
KO,NYSE
KODK,NYSE
KOF,NYSE
KOP,NYSE
KORE,NYSE
KOS,NYSE
KR,NYSE
KRC,NYSE
KREF,NYSE
KRG,NYSE
KRMN,NYSE
KRO,NYSE
KRP,NYSE
KSS,NYSE
KT,NYSE
KTB,NYSE
KTF,NYSE
KTH,NYSE
KTN,NYSE
KUKE,NYSE
KVUE,NYSE
KVYO,NYSE
KW,NYSE
KWR,NYSE
KYN,NYSE
L,NYSE
LAC,NYSE
LAD,NYSE
LADR,NYSE
LANV,NYSE
LAR,NYSE
LAW,NYSE
LAZ,NYSE
LB,NYSE
LBRT,NYSE
LC,NYSE
LCII,NYSE
LDI,NYSE
LDOS,NYSE
LDP,NYSE
LEA,NYSE
LEG,NYSE
LEN,NYSE
LEO,NYSE
LEVI,NYSE
LFT,NYSE
LGI,NYSE
LH,NYSE
LHX,NYSE
LII,NYSE
LION,NYSE
LITB,NYSE
LLY,NYSE
LMND,NYSE
LMT,NYSE
LNC,NYSE
LND,NYSE
LNG,NYSE
LNN,NYSE
LOAR,NYSE
LOB,NYSE
LOCL,NYSE
LOMA,NYSE
LOW,NYSE
LPG,NYSE
LPL,NYSE
LPX,NYSE
LRN,NYSE
LSPD,NYSE
LTC,NYSE
LTH,NYSE
LTM,NYSE
LU,NYSE
LUCK,NYSE
LUMN,NYSE
LUV,NYSE
LUXE,NYSE
LVS,NYSE
LVWR,NYSE
LW,NYSE
LXFR,NYSE
LXP,NYSE
LXU,NYSE
LYB,NYSE
LYG,NYSE
LYV,NYSE
LZB,NYSE
LZM,NYSE
M,NYSE
MA,NYSE
MAA,NYSE
MAC,NYSE
MAGN,NYSE
MAIN,NYSE
MAN,NYSE
MANU,NYSE
MAS,NYSE
MATV,NYSE
MATX,NYSE
MAX,NYSE
MBC,NYSE
MBI,NYSE
MC,NYSE
MCB,NYSE
MCD,NYSE
MCI,NYSE
MCK,NYSE
MCN,NYSE
MCO,NYSE
MCR,NYSE
MCS,NYSE
MCY,NYSE
MD,NYSE
MDT,NYSE
MDU,NYSE
MDV,NYSE
MEC,NYSE
MED,NYSE
MEG,NYSE
MEI,NYSE
MET,NYSE
MFA,NYSE
MFAN,NYSE
MFAO,NYSE
MFC,NYSE
MFG,NYSE
MFM,NYSE
MG,NYSE
MGA,NYSE
MGF,NYSE
MGM,NYSE
MGR,NYSE
MGRB,NYSE
MGRD,NYSE
MGRE,NYSE
MGY,NYSE
MH,NYSE
MHF,NYSE
MHK,NYSE
MHLA,NYSE
MHN,NYSE
MHNC,NYSE
MHO,NYSE
MIAX,NYSE
MIN,NYSE
MIR,NYSE
MITN,NYSE
MITP,NYSE
MITT,NYSE
MIY,NYSE
MKC,NYSE
MKL,NYSE
MLI,NYSE
MLM,NYSE
MLNK,NYSE
MLP,NYSE
MLR,NYSE
MMC,NYSE
MMD,NYSE
MMI,NYSE
MMM,NYSE
MMS,NYSE
MMT,NYSE
MMU,NYSE
MNR,NYSE
MNSO,NYSE
MNTN,NYSE
MO,NYSE
MOD,NYSE
MODG,NYSE
MOGU,NYSE
MOH,NYSE
MOS,NYSE
MOV,NYSE
MP,NYSE
MPA,NYSE
MPC,NYSE
MPLX,NYSE
MPV,NYSE
MPW,NYSE
MPX,NYSE
MQT,NYSE
MQY,NYSE
MRC,NYSE
MRK,NYSE
MRP,NYSE
MS,NYSE
MSA,NYSE
MSB,NYSE
MSC,NYSE
MSCI,NYSE
MSD,NYSE
MSGE,NYSE
MSGS,NYSE
MSI,NYSE
MSM,NYSE
MT,NYSE
MTB,NYSE
MTD,NYSE
MTDR,NYSE
MTG,NYSE
MTH,NYSE
MTN,NYSE
MTR,NYSE
MTRN,NYSE
MTUS,NYSE
MTW,NYSE
MTX,NYSE
MTZ,NYSE
MUC,NYSE
MUE,NYSE
MUFG,NYSE
MUJ,NYSE
MUR,NYSE
MUSA,NYSE
MUX,NYSE
MVO,NYSE
MWA,NYSE
MX,NYSE
MYE,NYSE
MYI,NYSE
MYN,NYSE
NABL,NYSE
NAC,NYSE
NAD,NYSE
NAN,NYSE
NAT,NYSE
NATL,NYSE
NAZ,NYSE
NBB,NYSE
NBHC,NYSE
NBR,NYSE
NC,NYSE
NCA,NYSE
NCDL,NYSE
NCLH,NYSE
NCV,NYSE
NCZ,NYSE
NE,NYSE
NEA,NYSE
NEE,NYSE
NEM,NYSE
NET,NYSE
NEU,NYSE
NEXA,NYSE
NFG,NYSE
NFJ,NYSE
NGG,NYSE
NGL,NYSE
NGS,NYSE
NGVC,NYSE
NGVT,NYSE
NHI,NYSE
NI,NYSE
NIC,NYSE
NIE,NYSE
NIM,NYSE
NINE,NYSE
NIO,NYSE
NIQ,NYSE
NJR,NYSE
NKE,NYSE
NKX,NYSE
NL,NYSE
NLOP,NYSE
NLY,NYSE
NMAX,NYSE
NMG,NYSE
NMM,NYSE
NMR,NYSE
NMS,NYSE
NMT,NYSE
NMZ,NYSE
NNI,NYSE
NNN,NYSE
NNY,NYSE
NOA,NYSE
NOAH,NYSE
NOC,NYSE
NOG,NYSE
NOK,NYSE
NOM,NYSE
NOMD,NYSE
NOTE,NYSE
NOV,NYSE
NOW,NYSE
NP,NYSE
NPB,NYSE
NPCT,NYSE
NPK,NYSE
NPKI,NYSE
NPO,NYSE
NPV,NYSE
NPWR,NYSE
NQP,NYSE
NRDY,NYSE
NREF,NYSE
NRG,NYSE
NRGV,NYSE
NRK,NYSE
NRP,NYSE
NRT,NYSE
NRUC,NYSE
NSA,NYSE
NSC,NYSE
NSP,NYSE
NTB,NYSE
NTR,NYSE
NTST,NYSE
NTZ,NYSE
NU,NYSE
NUE,NYSE
NUS,NYSE
NUVB,NYSE
NUW,NYSE
NVG,NYSE
NVGS,NYSE
NVO,NYSE
NVR,NYSE
NVRI,NYSE
NVS,NYSE
NVST,NYSE
NVT,NYSE
NWG,NYSE
NWN,NYSE
NX,NYSE
NXC,NYSE
NXDR,NYSE
NXDT,NYSE
NXE,NYSE
NXG,NYSE
NXJ,NYSE
NXN,NYSE
NXP,NYSE
NXRT,NYSE
NYC,NYSE
NYT,NYSE
NZF,NYSE
O,NYSE
OBDC,NYSE
OBK,NYSE
OC,NYSE
OCFT,NYSE
ODC,NYSE
ODV,NYSE
OEC,NYSE
OFG,NYSE
OGE,NYSE
OGN,NYSE
OGS,NYSE
OHI,NYSE
OI,NYSE
OIA,NYSE
OII,NYSE
OIS,NYSE
OKE,NYSE
OKLO,NYSE
OLN,NYSE
OLP,NYSE
OMC,NYSE
OMF,NYSE
OMI,NYSE
ONIT,NYSE
ONL,NYSE
ONON,NYSE
ONTF,NYSE
ONTO,NYSE
OOMA,NYSE
OPAD,NYSE
OPFI,NYSE
OPP,NYSE
OPY,NYSE
OR,NYSE
ORA,NYSE
ORC,NYSE
ORCL,NYSE
ORI,NYSE
ORN,NYSE
OSCR,NYSE
OSK,NYSE
OTF,NYSE
OTIS,NYSE
OUT,NYSE
OVV,NYSE
OWL,NYSE
OWLT,NYSE
OXM,NYSE
OXY,NYSE
PAAS,NYSE
PAC,NYSE
PACK,NYSE
PACS,NYSE
PAG,NYSE
PAGS,NYSE
PAI,NYSE
PAII,NYSE
PAM,NYSE
PAR,NYSE
PARR,NYSE
PATH,NYSE
PAY,NYSE
PAYC,NYSE
PB,NYSE
PBA,NYSE
PBF,NYSE
PBH,NYSE
PBI,NYSE
PBR,NYSE
PBT,NYSE
PCG,NYSE
PCN,NYSE
PCOR,NYSE
PCQ,NYSE
PD,NYSE
PDCC,NYSE
PDM,NYSE
PDPA,NYSE
PDS,NYSE
PDT,NYSE
PDX,NYSE
PEB,NYSE
PEG,NYSE
PEN,NYSE
PERF,NYSE
PEW,NYSE
PFD,NYSE
PFE,NYSE
PFGC,NYSE
PFH,NYSE
PFLT,NYSE
PFO,NYSE
PFS,NYSE
PFSI,NYSE
PG,NYSE
PGP,NYSE
PGR,NYSE
PGRE,NYSE
PGZ,NYSE
PH,NYSE
PHG,NYSE
PHI,NYSE
PHIN,NYSE
PHM,NYSE
PHR,NYSE
PII,NYSE
PIM,NYSE
PINE,NYSE
PINS,NYSE
PIPR,NYSE
PJT,NYSE
PK,NYSE
PKE,NYSE
PKG,NYSE
PKST,NYSE
PKX,NYSE
PL,NYSE
PLD,NYSE
PLNT,NYSE
PLOW,NYSE
PLYM,NYSE
PM,NYSE
PMM,NYSE
PMO,NYSE
PMT,NYSE
PMTU,NYSE
PMTV,NYSE
PMTW,NYSE
PNC,NYSE
PNI,NYSE
PNNT,NYSE
PNR,NYSE
PNW,NYSE
POR,NYSE
POST,NYSE
PPG,NYSE
PPL,NYSE
PPT,NYSE
PR,NYSE
PRA,NYSE
PRG,NYSE
PRGO,NYSE
PRH,NYSE
PRI,NYSE
PRIM,NYSE
PRKS,NYSE
PRLB,NYSE
PRM,NYSE
PRMB,NYSE
PRO,NYSE
PRS,NYSE
PRSU,NYSE
PRT,NYSE
PRU,NYSE
PSA,NYSE
PSBD,NYSE
PSF,NYSE
PSFE,NYSE
PSN,NYSE
PSO,NYSE
PSQH,NYSE
PSTG,NYSE
PSTL,NYSE
PSX,NYSE
PTA,NYSE
PTY,NYSE
PUK,NYSE
PUMP,NYSE
PVH,NYSE
PVL,NYSE
PWR,NYSE
PX,NYSE
PXED,NYSE
PYT,NYSE
QBTS,NYSE
QD,NYSE
QGEN,NYSE
QS,NYSE
QSR,NYSE
QTWO,NYSE
QUAD,NYSE
QVCC,NYSE
QVCD,NYSE
QXO,NYSE
R,NYSE
RA,NYSE
RAC,NYSE
RACE,NYSE
RAL,NYSE
RAMP,NYSE
RBA,NYSE
RBC,NYSE
RBLX,NYSE
RBOT,NYSE
RBRK,NYSE
RC,NYSE
RCB,NYSE
RCC,NYSE
RCD,NYSE
RCI,NYSE
RCL,NYSE
RCUS,NYSE
RDDT,NYSE
RDN,NYSE
RDW,NYSE
RDY,NYSE
RELX,NYSE
RERE,NYSE
RES,NYSE
REVG,NYSE
REX,NYSE
REXR,NYSE
REZI,NYSE
RF,NYSE
RFI,NYSE
RFL,NYSE
RFM,NYSE
RGA,NYSE
RGR,NYSE
RGT,NYSE
RH,NYSE
RHI,NYSE
RHLD,NYSE
RHP,NYSE
RIG,NYSE
RIO,NYSE
RITM,NYSE
RJF,NYSE
RKT,NYSE
RL,NYSE
RLI,NYSE
RLJ,NYSE
RLTY,NYSE
RLX,NYSE
RM,NYSE
RMAX,NYSE
RMD,NYSE
RMI,NYSE
RMM,NYSE
RMMZ,NYSE
RMT,NYSE
RNG,NYSE
RNGR,NYSE
RNP,NYSE
RNR,NYSE
RNST,NYSE
ROG,NYSE
ROK,NYSE
ROL,NYSE
RPM,NYSE
RPT,NYSE
RQI,NYSE
RRC,NYSE
RRX,NYSE
RS,NYSE
RSF,NYSE
RSG,NYSE
RSI,NYSE
RSKD,NYSE
RTO,NYSE
RTX,NYSE
RVLV,NYSE
RVT,NYSE
RVTY,NYSE
RWT,NYSE
RWTN,NYSE
RWTO,NYSE
RWTP,NYSE
RXO,NYSE
RY,NYSE
RYAM,NYSE
RYAN,NYSE
RYI,NYSE
RYN,NYSE
RZB,NYSE
RZC,NYSE
S,NYSE
SA,NYSE
SABA,NYSE
SAFE,NYSE
SAH,NYSE
SAJ,NYSE
SAM,NYSE
SAN,NYSE
SAND,NYSE
SAP,NYSE
SAR,NYSE
SARO,NYSE
SAT,NYSE
SAY,NYSE
SAZ,NYSE
SB,NYSE
SBDS,NYSE
SBH,NYSE
SBI,NYSE
SBR,NYSE
SBS,NYSE
SBSI,NYSE
SBSW,NYSE
SBXD,NYSE
SCCO,NYSE
SCHW,NYSE
SCI,NYSE
SCL,NYSE
SCM,NYSE
SCS,NYSE
SD,NYSE
SDHC,NYSE
SDRL,NYSE
SE,NYSE
SEE,NYSE
SEG,NYSE
SEI,NYSE
SEM,NYSE
SEMR,NYSE
SES,NYSE
SF,NYSE
SFB,NYSE
SFBS,NYSE
SFL,NYSE
SG,NYSE
SGHC,NYSE
SGI,NYSE
SGU,NYSE
SHAK,NYSE
SHCO,NYSE
SHEL,NYSE
SHG,NYSE
SHO,NYSE
SHW,NYSE
SI,NYSE
SID,NYSE
SIG,NYSE
SII,NYSE
SILA,NYSE
SITC,NYSE
SITE,NYSE
SJM,NYSE
SJT,NYSE
SKE,NYSE
SKIL,NYSE
SKLZ,NYSE
SKM,NYSE
SKT,NYSE
SKY,NYSE
SKYH,NYSE
SLB,NYSE
SLF,NYSE
SLG,NYSE
SLGN,NYSE
SLQT,NYSE
SLVM,NYSE
SM,NYSE
SMA,NYSE
SMBK,NYSE
SMC,NYSE
SMFG,NYSE
SMG,NYSE
SMHI,NYSE
SMP,NYSE
SMR,NYSE
SMRT,NYSE
SMWB,NYSE
SN,NYSE
SNA,NYSE
SNAP,NYSE
SNDA,NYSE
SNDR,NYSE
SNN,NYSE
SNOW,NYSE
SNV,NYSE
SNX,NYSE
SO,NYSE
SOBO,NYSE
SOC,NYSE
SOJC,NYSE
SOJD,NYSE
SOJE,NYSE
SOJF,NYSE
SOL,NYSE
SOLV,NYSE
SON,NYSE
SONY,NYSE
SOR,NYSE
SOS,NYSE
SOUL,NYSE
SPB,NYSE
SPCE,NYSE
SPG,NYSE
SPGI,NYSE
SPH,NYSE
SPHR,NYSE
SPIR,NYSE
SPMA,NYSE
SPMC,NYSE
SPME,NYSE
SPNT,NYSE
SPOT,NYSE
SPR,NYSE
SPRU,NYSE
SPXC,NYSE
SPXX,NYSE
SQM,NYSE
SQNS,NYSE
SR,NYSE
SRE,NYSE
SREA,NYSE
SRFM,NYSE
SRG,NYSE
SRI,NYSE
SRL,NYSE
SRV,NYSE
SSB,NYSE
SSD,NYSE
SSL,NYSE
SST,NYSE
SSTK,NYSE
ST,NYSE
STAG,NYSE
STC,NYSE
STE,NYSE
STEL,NYSE
STEM,NYSE
STG,NYSE
STK,NYSE
STLA,NYSE
STM,NYSE
STN,NYSE
STNG,NYSE
STT,NYSE
STUB,NYSE
STVN,NYSE
STWD,NYSE
STZ,NYSE
SU,NYSE
SUI,NYSE
SUN,NYSE
SUPV,NYSE
SUZ,NYSE
SVV,NYSE
SW,NYSE
SWK,NYSE
SWX,NYSE
SXC,NYSE
SXI,NYSE
SXT,NYSE
SYF,NYSE
SYK,NYSE
SYY,NYSE
T,NYSE
TAC,NYSE
TAK,NYSE
TAL,NYSE
TALO,NYSE
TAP,NYSE
TBB,NYSE
TBBB,NYSE
TBI,NYSE
TBN,NYSE
TCAI,NYSE
TCI,NYSE
TD,NYSE
TDC,NYSE
TDG,NYSE
TDOC,NYSE
TDS,NYSE
TDW,NYSE
TDY,NYSE
TE,NYSE
TEAF,NYSE
TECK,NYSE
TEF,NYSE
TEI,NYSE
TEL,NYSE
TEN,NYSE
TEO,NYSE
TEVA,NYSE
TEX,NYSE
TFC,NYSE
TFII,NYSE
TFIN,NYSE
TFPM,NYSE
TFX,NYSE
TG,NYSE
TGE,NYSE
TGLS,NYSE
TGNA,NYSE
TGS,NYSE
TGT,NYSE
THC,NYSE
THG,NYSE
THO,NYSE
THQ,NYSE
THR,NYSE
THS,NYSE
TIC,NYSE
TIMB,NYSE
TISI,NYSE
TIXT,NYSE
TJX,NYSE
TK,NYSE
TKC,NYSE
TKO,NYSE
TKR,NYSE
TLK,NYSE
TLYS,NYSE
TM,NYSE
TME,NYSE
TMHC,NYSE
TMO,NYSE
TNC,NYSE
TNET,NYSE
TNGY,NYSE
TNK,NYSE
TNL,NYSE
TOL,NYSE
TOST,NYSE
TPB,NYSE
TPC,NYSE
TPH,NYSE
TPL,NYSE
TPR,NYSE
TPTA,NYSE
TPVG,NYSE
TR,NYSE
TRAK,NYSE
TRC,NYSE
TREX,NYSE
TRGP,NYSE
TRN,NYSE
TRNO,NYSE
TROX,NYSE
TRP,NYSE
TRTX,NYSE
TRU,NYSE
TRV,NYSE
TS,NYSE
TSE,NYSE
TSLX,NYSE
TSM,NYSE
TSN,NYSE
TSQ,NYSE
TT,NYSE
TTAM,NYSE
TTC,NYSE
TTE,NYSE
TTI,NYSE
TU,NYSE
TUYA,NYSE
TV,NYSE
TVC,NYSE
TVE,NYSE
TWI,NYSE
TWLO,NYSE
TWO,NYSE
TWOD,NYSE
TX,NYSE
TXNM,NYSE
TXO,NYSE
TXT,NYSE
TY,NYSE
TYG,NYSE
TYL,NYSE
U,NYSE
UA,NYSE
UAA,NYSE
UAN,NYSE
UBER,NYSE
UBS,NYSE
UCB,NYSE
UDR,NYSE
UE,NYSE
UFI,NYSE
UGI,NYSE
UGP,NYSE
UHAL,NYSE
UHS,NYSE
UHT,NYSE
UI,NYSE
UIS,NYSE
UL,NYSE
ULS,NYSE
UMC,NYSE
UMH,NYSE
UNF,NYSE
UNFI,NYSE
UNH,NYSE
UNM,NYSE
UNMA,NYSE
UNP,NYSE
UP,NYSE
UPS,NYSE
URI,NYSE
USAC,NYSE
USB,NYSE
USFD,NYSE
USNA,NYSE
USPH,NYSE
UTF,NYSE
UTI,NYSE
UTL,NYSE
UTZ,NYSE
UVE,NYSE
UVV,NYSE
UWMC,NYSE
UZD,NYSE
UZE,NYSE
UZF,NYSE
V,NYSE
VAC,NYSE
VAL,NYSE
VALE,NYSE
VATE,NYSE
VCV,NYSE
VEEV,NYSE
VEL,NYSE
VET,NYSE
VFC,NYSE
VG,NYSE
VGI,NYSE
VGM,NYSE
VHI,NYSE
VIA,NYSE
VICI,NYSE
VIK,NYSE
VIPS,NYSE
VIRT,NYSE
VIST,NYSE
VIV,NYSE
VKQ,NYSE
VLN,NYSE
VLO,NYSE
VLRS,NYSE
VLT,NYSE
VLTO,NYSE
VMC,NYSE
VMI,NYSE
VMO,NYSE
VNCE,NYSE
VNO,NYSE
VNT,NYSE
VOC,NYSE
VOYA,NYSE
VOYG,NYSE
VPG,NYSE
VPV,NYSE
VRE,NYSE
VRT,NYSE
VRTS,NYSE
VSCO,NYSE
VSH,NYSE
VST,NYSE
VSTS,NYSE
VTEX,NYSE
VTLE,NYSE
VTMX,NYSE
VTN,NYSE
VTOL,NYSE
VTR,NYSE
VTS,NYSE
VVR,NYSE
VVV,NYSE
VVX,NYSE
VYX,NYSE
VZ,NYSE
W,NYSE
WAB,NYSE
WAL,NYSE
WAT,NYSE
WBI,NYSE
WBS,NYSE
WBX,NYSE
WCC,NYSE
WCN,NYSE
WD,NYSE
WDH,NYSE
WDS,NYSE
WEAV,NYSE
WEC,NYSE
WELL,NYSE
WES,NYSE
WEX,NYSE
WF,NYSE
WFC,NYSE
WFG,NYSE
WGO,NYSE
WH,NYSE
WHD,NYSE
WHG,NYSE
WHR,NYSE
WIA,NYSE
WIT,NYSE
WIW,NYSE
WK,NYSE
WKC,NYSE
WLK,NYSE
WLKP,NYSE
WLY,NYSE
WLYB,NYSE
WM,NYSE
WMB,NYSE
WMK,NYSE
WMS,NYSE
WMT,NYSE
WNC,NYSE
WNS,NYSE
WOLF,NYSE
WOR,NYSE
WOW,NYSE
WPC,NYSE
WPM,NYSE
WPP,NYSE
WRB,NYSE
WRBY,NYSE
WS,NYSE
WSM,NYSE
WSO,NYSE
WSR,NYSE
WST,NYSE
WT,NYSE
WTI,NYSE
WTM,NYSE
WTRG,NYSE
WTS,NYSE
WTTR,NYSE
WU,NYSE
WWW,NYSE
WY,NYSE
XFLT,NYSE
XHR,NYSE
XIFR,NYSE
XOM,NYSE
XPER,NYSE
XPEV,NYSE
XPO,NYSE
XPOF,NYSE
XPRO,NYSE
XYF,NYSE
XYL,NYSE
XYZ,NYSE
YALA,NYSE
YELP,NYSE
YETI,NYSE
YEXT,NYSE
YMM,NYSE
YOU,NYSE
YPF,NYSE
YRD,NYSE
YSG,NYSE
YUM,NYSE
YUMC,NYSE
ZBH,NYSE
ZEPP,NYSE
ZETA,NYSE
ZGN,NYSE
ZH,NYSE
ZIM,NYSE
ZIP,NYSE
ZK,NYSE
ZKH,NYSE
ZTO,NYSE
ZTR,NYSE
ZTS,NYSE
ZVIA,NYSE
ZWS,NYSE